Incite; Executed C Instr; Executed Ass Instr; Execution Time; Clock Cycle Effective; CC4CS; ;;;;;; 
 values_00; 26; 16335; 0.69 ms; 34434; 1324.38461538462;
 values_01; 26; 16335; 0.69 ms; 34434; 1324.38461538462;
 values_02; 26; 16335; 0.69 ms; 34434; 1324.38461538462;
 values_03; 26; 16335; 0.69 ms; 34434; 1324.38461538462;
 values_04; 26; 16335; 0.69 ms; 34434; 1324.38461538462;
 values_05; 26; 16335; 0.69 ms; 34434; 1324.38461538462;
 values_06; 26; 16335; 0.69 ms; 34434; 1324.38461538462;
 values_07; 26; 16335; 0.69 ms; 34434; 1324.38461538462;
 values_08; 26; 16335; 0.69 ms; 34434; 1324.38461538462;
 values_09; 26; 16335; 0.69 ms; 34434; 1324.38461538462;
 values_10; 26; 16335; 0.69 ms; 34434; 1324.38461538462;
 values_100; 180; 17673; 0.78 ms; 39120; 217.333333333333;
 values_101; 180; 17673; 0.78 ms; 39120; 217.333333333333;
 values_102; 180; 17673; 0.78 ms; 39120; 217.333333333333;
 values_103; 180; 17673; 0.78 ms; 39120; 217.333333333333;
 values_104; 180; 17673; 0.78 ms; 39120; 217.333333333333;
 values_105; 180; 17673; 0.78 ms; 39120; 217.333333333333;
 values_106; 180; 17673; 0.78 ms; 39120; 217.333333333333;
 values_107; 180; 17673; 0.78 ms; 39120; 217.333333333333;
 values_108; 180; 17673; 0.78 ms; 39120; 217.333333333333;
 values_109; 180; 17673; 0.78 ms; 39120; 217.333333333333;
 values_11; 26; 16335; 0.69 ms; 34434; 1324.38461538462;
 values_110; 26; 16335; 0.69 ms; 34434; 1324.38461538462;
 values_111; 26; 16335; 0.69 ms; 34434; 1324.38461538462;
 values_112; 26; 16335; 0.69 ms; 34434; 1324.38461538462;
 values_113; 26; 16335; 0.69 ms; 34434; 1324.38461538462;
 values_114; 26; 16335; 0.69 ms; 34434; 1324.38461538462;
 values_115; 26; 16335; 0.69 ms; 34434; 1324.38461538462;
 values_116; 26; 16335; 0.69 ms; 34434; 1324.38461538462;
 values_117; 26; 16335; 0.69 ms; 34434; 1324.38461538462;
 values_118; 26; 16335; 0.69 ms; 34434; 1324.38461538462;
 values_119; 26; 16335; 0.69 ms; 34434; 1324.38461538462;
 values_12; 26; 16335; 0.69 ms; 34434; 1324.38461538462;
 values_120; 26; 16335; 0.69 ms; 34434; 1324.38461538462;
 values_121; 26; 16335; 0.69 ms; 34434; 1324.38461538462;
 values_122; 26; 16335; 0.69 ms; 34434; 1324.38461538462;
 values_123; 26; 16335; 0.69 ms; 34434; 1324.38461538462;
 values_124; 26; 16335; 0.69 ms; 34434; 1324.38461538462;
 values_125; 26; 16335; 0.69 ms; 34434; 1324.38461538462;
 values_126; 26; 16335; 0.69 ms; 34434; 1324.38461538462;
 values_127; 26; 16335; 0.69 ms; 34434; 1324.38461538462;
 values_128; 26; 16335; 0.69 ms; 34434; 1324.38461538462;
 values_129; 26; 16335; 0.69 ms; 34434; 1324.38461538462;
 values_13; 26; 16335; 0.69 ms; 34434; 1324.38461538462;
 values_130; 26; 16335; 0.69 ms; 34434; 1324.38461538462;
 values_131; 26; 16335; 0.69 ms; 34434; 1324.38461538462;
 values_132; 26; 16335; 0.69 ms; 34434; 1324.38461538462;
 values_133; 26; 16335; 0.69 ms; 34434; 1324.38461538462;
 values_134; 26; 16335; 0.69 ms; 34434; 1324.38461538462;
 values_135; 26; 16335; 0.69 ms; 34434; 1324.38461538462;
 values_136; 26; 16335; 0.69 ms; 34434; 1324.38461538462;
 values_137; 26; 16335; 0.69 ms; 34434; 1324.38461538462;
 values_138; 26; 16335; 0.69 ms; 34434; 1324.38461538462;
 values_139; 26; 16335; 0.69 ms; 34434; 1324.38461538462;
 values_14; 26; 16335; 0.69 ms; 34434; 1324.38461538462;
 values_140; 180; 17673; 0.78 ms; 39120; 217.333333333333;
 values_141; 180; 17673; 0.78 ms; 39120; 217.333333333333;
 values_142; 180; 17673; 0.78 ms; 39120; 217.333333333333;
 values_143; 180; 17673; 0.78 ms; 39120; 217.333333333333;
 values_144; 180; 17673; 0.78 ms; 39120; 217.333333333333;
 values_145; 180; 17673; 0.78 ms; 39120; 217.333333333333;
 values_146; 180; 17673; 0.78 ms; 39120; 217.333333333333;
 values_147; 180; 17673; 0.78 ms; 39120; 217.333333333333;
 values_148; 180; 17673; 0.78 ms; 39120; 217.333333333333;
 values_149; 180; 17673; 0.78 ms; 39120; 217.333333333333;
 values_15; 26; 16335; 0.69 ms; 34434; 1324.38461538462;
 values_150; 26; 16335; 0.69 ms; 34434; 1324.38461538462;
 values_151; 26; 16335; 0.69 ms; 34434; 1324.38461538462;
 values_152; 26; 16335; 0.69 ms; 34434; 1324.38461538462;
 values_153; 26; 16335; 0.69 ms; 34434; 1324.38461538462;
 values_154; 26; 16335; 0.69 ms; 34434; 1324.38461538462;
 values_155; 26; 16335; 0.69 ms; 34434; 1324.38461538462;
 values_156; 26; 16335; 0.69 ms; 34434; 1324.38461538462;
 values_157; 26; 16335; 0.69 ms; 34434; 1324.38461538462;
 values_158; 26; 16335; 0.69 ms; 34434; 1324.38461538462;
 values_159; 26; 16335; 0.69 ms; 34434; 1324.38461538462;
 values_16; 26; 16335; 0.69 ms; 34434; 1324.38461538462;
 values_160; 26; 16335; 0.69 ms; 34434; 1324.38461538462;
 values_161; 26; 16335; 0.69 ms; 34434; 1324.38461538462;
 values_162; 26; 16335; 0.69 ms; 34434; 1324.38461538462;
 values_163; 26; 16335; 0.69 ms; 34434; 1324.38461538462;
 values_164; 26; 16335; 0.69 ms; 34434; 1324.38461538462;
 values_165; 26; 16335; 0.69 ms; 34434; 1324.38461538462;
 values_166; 26; 16335; 0.69 ms; 34434; 1324.38461538462;
 values_167; 26; 16335; 0.69 ms; 34434; 1324.38461538462;
 values_168; 26; 16335; 0.69 ms; 34434; 1324.38461538462;
 values_169; 26; 16335; 0.69 ms; 34434; 1324.38461538462;
 values_17; 26; 16335; 0.69 ms; 34434; 1324.38461538462;
 values_170; 26; 16335; 0.69 ms; 34434; 1324.38461538462;
 values_171; 26; 16335; 0.69 ms; 34434; 1324.38461538462;
 values_172; 26; 16335; 0.69 ms; 34434; 1324.38461538462;
 values_173; 26; 16335; 0.69 ms; 34434; 1324.38461538462;
 values_174; 26; 16335; 0.69 ms; 34434; 1324.38461538462;
 values_175; 26; 16335; 0.69 ms; 34434; 1324.38461538462;
 values_176; 26; 16335; 0.69 ms; 34434; 1324.38461538462;
 values_177; 26; 16335; 0.69 ms; 34434; 1324.38461538462;
 values_178; 26; 16335; 0.69 ms; 34434; 1324.38461538462;
 values_179; 26; 16335; 0.69 ms; 34434; 1324.38461538462;
 values_18; 26; 16335; 0.69 ms; 34434; 1324.38461538462;
 values_180; 180; 17673; 0.78 ms; 39119; 217.327777777778;
 values_181; 180; 17673; 0.78 ms; 39119; 217.327777777778;
 values_182; 180; 17673; 0.78 ms; 39119; 217.327777777778;
 values_183; 180; 17673; 0.78 ms; 39119; 217.327777777778;
 values_184; 180; 17673; 0.78 ms; 39119; 217.327777777778;
 values_185; 180; 17673; 0.78 ms; 39119; 217.327777777778;
 values_186; 180; 17673; 0.78 ms; 39119; 217.327777777778;
 values_187; 180; 17673; 0.78 ms; 39119; 217.327777777778;
 values_188; 180; 17673; 0.78 ms; 39119; 217.327777777778;
 values_189; 180; 17673; 0.78 ms; 39119; 217.327777777778;
 values_19; 26; 16335; 0.69 ms; 34434; 1324.38461538462;
 values_190; 26; 16335; 0.69 ms; 34434; 1324.38461538462;
 values_191; 26; 16335; 0.69 ms; 34434; 1324.38461538462;
 values_192; 26; 16335; 0.69 ms; 34434; 1324.38461538462;
 values_193; 26; 16335; 0.69 ms; 34434; 1324.38461538462;
 values_194; 26; 16335; 0.69 ms; 34434; 1324.38461538462;
 values_195; 26; 16335; 0.69 ms; 34434; 1324.38461538462;
 values_196; 26; 16335; 0.69 ms; 34434; 1324.38461538462;
 values_197; 26; 16335; 0.69 ms; 34434; 1324.38461538462;
 values_198; 26; 16335; 0.69 ms; 34434; 1324.38461538462;
 values_199; 26; 16335; 0.69 ms; 34434; 1324.38461538462;
 values_20; 180; 17673; 0.78 ms; 39120; 217.333333333333;
 values_200; 26; 16335; 0.69 ms; 34434; 1324.38461538462;
 values_201; 26; 16335; 0.69 ms; 34434; 1324.38461538462;
 values_202; 26; 16335; 0.69 ms; 34434; 1324.38461538462;
 values_203; 26; 16335; 0.69 ms; 34434; 1324.38461538462;
 values_204; 26; 16335; 0.69 ms; 34434; 1324.38461538462;
 values_205; 26; 16335; 0.69 ms; 34434; 1324.38461538462;
 values_206; 26; 16335; 0.69 ms; 34434; 1324.38461538462;
 values_207; 26; 16335; 0.69 ms; 34434; 1324.38461538462;
 values_208; 26; 16335; 0.69 ms; 34434; 1324.38461538462;
 values_209; 26; 16335; 0.69 ms; 34434; 1324.38461538462;
 values_21; 180; 17673; 0.78 ms; 39120; 217.333333333333;
 values_210; 26; 16335; 0.69 ms; 34434; 1324.38461538462;
 values_211; 26; 16335; 0.69 ms; 34434; 1324.38461538462;
 values_212; 26; 16335; 0.69 ms; 34434; 1324.38461538462;
 values_213; 26; 16335; 0.69 ms; 34434; 1324.38461538462;
 values_214; 26; 16335; 0.69 ms; 34434; 1324.38461538462;
 values_215; 26; 16335; 0.69 ms; 34434; 1324.38461538462;
 values_216; 26; 16335; 0.69 ms; 34434; 1324.38461538462;
 values_217; 26; 16335; 0.69 ms; 34434; 1324.38461538462;
 values_218; 26; 16335; 0.69 ms; 34434; 1324.38461538462;
 values_219; 26; 16335; 0.69 ms; 34434; 1324.38461538462;
 values_22; 180; 17673; 0.78 ms; 39120; 217.333333333333;
 values_220; 184; 17673; 0.78 ms; 39140; 212.717391304348;
 values_221; 184; 17673; 0.78 ms; 39140; 212.717391304348;
 values_222; 184; 17673; 0.78 ms; 39140; 212.717391304348;
 values_223; 184; 17673; 0.78 ms; 39140; 212.717391304348;
 values_224; 184; 17673; 0.78 ms; 39140; 212.717391304348;
 values_225; 184; 17673; 0.78 ms; 39140; 212.717391304348;
 values_226; 184; 17673; 0.78 ms; 39140; 212.717391304348;
 values_227; 184; 17673; 0.78 ms; 39140; 212.717391304348;
 values_228; 184; 17673; 0.78 ms; 39140; 212.717391304348;
 values_229; 184; 17673; 0.78 ms; 39140; 212.717391304348;
 values_23; 180; 17673; 0.78 ms; 39120; 217.333333333333;
 values_230; 26; 16335; 0.69 ms; 34434; 1324.38461538462;
 values_231; 26; 16335; 0.69 ms; 34434; 1324.38461538462;
 values_232; 26; 16335; 0.69 ms; 34434; 1324.38461538462;
 values_233; 26; 16335; 0.69 ms; 34434; 1324.38461538462;
 values_234; 26; 16335; 0.69 ms; 34434; 1324.38461538462;
 values_235; 26; 16335; 0.69 ms; 34434; 1324.38461538462;
 values_236; 26; 16335; 0.69 ms; 34434; 1324.38461538462;
 values_237; 26; 16335; 0.69 ms; 34434; 1324.38461538462;
 values_238; 26; 16335; 0.69 ms; 34434; 1324.38461538462;
 values_239; 26; 16335; 0.69 ms; 34434; 1324.38461538462;
 values_24; 180; 17673; 0.78 ms; 39120; 217.333333333333;
 values_240; 26; 16335; 0.69 ms; 34434; 1324.38461538462;
 values_241; 26; 16335; 0.69 ms; 34434; 1324.38461538462;
 values_242; 26; 16335; 0.69 ms; 34434; 1324.38461538462;
 values_243; 26; 16335; 0.69 ms; 34434; 1324.38461538462;
 values_244; 26; 16335; 0.69 ms; 34434; 1324.38461538462;
 values_245; 26; 16335; 0.69 ms; 34434; 1324.38461538462;
 values_246; 26; 16335; 0.69 ms; 34434; 1324.38461538462;
 values_247; 26; 16335; 0.69 ms; 34434; 1324.38461538462;
 values_248; 26; 16335; 0.69 ms; 34434; 1324.38461538462;
 values_249; 26; 16335; 0.69 ms; 34434; 1324.38461538462;
 values_25; 180; 17673; 0.78 ms; 39120; 217.333333333333;
 values_250; 26; 16335; 0.69 ms; 34434; 1324.38461538462;
 values_251; 26; 16335; 0.69 ms; 34434; 1324.38461538462;
 values_252; 26; 16335; 0.69 ms; 34434; 1324.38461538462;
 values_253; 26; 16335; 0.69 ms; 34434; 1324.38461538462;
 values_254; 26; 16335; 0.69 ms; 34434; 1324.38461538462;
 values_255; 26; 16335; 0.69 ms; 34434; 1324.38461538462;
 values_256; 26; 16335; 0.69 ms; 34434; 1324.38461538462;
 values_257; 26; 16335; 0.69 ms; 34434; 1324.38461538462;
 values_258; 26; 16335; 0.69 ms; 34434; 1324.38461538462;
 values_259; 26; 16335; 0.69 ms; 34434; 1324.38461538462;
 values_26; 180; 17673; 0.78 ms; 39120; 217.333333333333;
 values_260; 184; 17673; 0.78 ms; 39140; 212.717391304348;
 values_261; 184; 17673; 0.78 ms; 39140; 212.717391304348;
 values_262; 184; 17673; 0.78 ms; 39140; 212.717391304348;
 values_263; 184; 17673; 0.78 ms; 39140; 212.717391304348;
 values_264; 184; 17673; 0.78 ms; 39140; 212.717391304348;
 values_265; 184; 17673; 0.78 ms; 39140; 212.717391304348;
 values_266; 184; 17673; 0.78 ms; 39140; 212.717391304348;
 values_267; 184; 17673; 0.78 ms; 39140; 212.717391304348;
 values_268; 184; 17673; 0.78 ms; 39140; 212.717391304348;
 values_269; 184; 17673; 0.78 ms; 39140; 212.717391304348;
 values_27; 180; 17673; 0.78 ms; 39120; 217.333333333333;
 values_270; 26; 16335; 0.69 ms; 34434; 1324.38461538462;
 values_271; 26; 16335; 0.69 ms; 34434; 1324.38461538462;
 values_272; 26; 16335; 0.69 ms; 34434; 1324.38461538462;
 values_273; 26; 16335; 0.69 ms; 34434; 1324.38461538462;
 values_274; 26; 16335; 0.69 ms; 34434; 1324.38461538462;
 values_275; 26; 16335; 0.69 ms; 34434; 1324.38461538462;
 values_276; 26; 16335; 0.69 ms; 34434; 1324.38461538462;
 values_277; 26; 16335; 0.69 ms; 34434; 1324.38461538462;
 values_278; 26; 16335; 0.69 ms; 34434; 1324.38461538462;
 values_279; 26; 16335; 0.69 ms; 34434; 1324.38461538462;
 values_28; 180; 17673; 0.78 ms; 39120; 217.333333333333;
 values_280; 26; 16335; 0.69 ms; 34434; 1324.38461538462;
 values_281; 26; 16335; 0.69 ms; 34434; 1324.38461538462;
 values_282; 26; 16335; 0.69 ms; 34434; 1324.38461538462;
 values_283; 26; 16335; 0.69 ms; 34434; 1324.38461538462;
 values_284; 26; 16335; 0.69 ms; 34434; 1324.38461538462;
 values_285; 26; 16335; 0.69 ms; 34434; 1324.38461538462;
 values_286; 26; 16335; 0.69 ms; 34434; 1324.38461538462;
 values_287; 26; 16335; 0.69 ms; 34434; 1324.38461538462;
 values_288; 26; 16335; 0.69 ms; 34434; 1324.38461538462;
 values_289; 26; 16335; 0.69 ms; 34434; 1324.38461538462;
 values_29; 180; 17673; 0.78 ms; 39120; 217.333333333333;
 values_290; 26; 16335; 0.69 ms; 34434; 1324.38461538462;
 values_291; 26; 16335; 0.69 ms; 34434; 1324.38461538462;
 values_292; 26; 16335; 0.69 ms; 34434; 1324.38461538462;
 values_293; 26; 16335; 0.69 ms; 34434; 1324.38461538462;
 values_294; 26; 16335; 0.69 ms; 34434; 1324.38461538462;
 values_295; 26; 16335; 0.69 ms; 34434; 1324.38461538462;
 values_296; 26; 16335; 0.69 ms; 34434; 1324.38461538462;
 values_297; 26; 16335; 0.69 ms; 34434; 1324.38461538462;
 values_298; 26; 16335; 0.69 ms; 34434; 1324.38461538462;
 values_299; 26; 16335; 0.69 ms; 34434; 1324.38461538462;
 values_30; 26; 16335; 0.69 ms; 34434; 1324.38461538462;
 values_300; 184; 17673; 0.78 ms; 39140; 212.717391304348;
 values_301; 184; 17673; 0.78 ms; 39140; 212.717391304348;
 values_302; 184; 17673; 0.78 ms; 39140; 212.717391304348;
 values_303; 184; 17673; 0.78 ms; 39140; 212.717391304348;
 values_304; 184; 17673; 0.78 ms; 39140; 212.717391304348;
 values_305; 184; 17673; 0.78 ms; 39140; 212.717391304348;
 values_306; 184; 17673; 0.78 ms; 39140; 212.717391304348;
 values_307; 184; 17673; 0.78 ms; 39140; 212.717391304348;
 values_308; 184; 17673; 0.78 ms; 39140; 212.717391304348;
 values_309; 184; 17673; 0.78 ms; 39140; 212.717391304348;
 values_31; 26; 16335; 0.69 ms; 34434; 1324.38461538462;
 values_310; 26; 16335; 0.69 ms; 34434; 1324.38461538462;
 values_311; 26; 16335; 0.69 ms; 34434; 1324.38461538462;
 values_312; 26; 16335; 0.69 ms; 34434; 1324.38461538462;
 values_313; 26; 16335; 0.69 ms; 34434; 1324.38461538462;
 values_314; 26; 16335; 0.69 ms; 34434; 1324.38461538462;
 values_315; 26; 16335; 0.69 ms; 34434; 1324.38461538462;
 values_316; 26; 16335; 0.69 ms; 34434; 1324.38461538462;
 values_317; 26; 16335; 0.69 ms; 34434; 1324.38461538462;
 values_318; 26; 16335; 0.69 ms; 34434; 1324.38461538462;
 values_319; 26; 16335; 0.69 ms; 34434; 1324.38461538462;
 values_32; 26; 16335; 0.69 ms; 34434; 1324.38461538462;
 values_320; 26; 16335; 0.69 ms; 34434; 1324.38461538462;
 values_321; 26; 16335; 0.69 ms; 34434; 1324.38461538462;
 values_322; 26; 16335; 0.69 ms; 34434; 1324.38461538462;
 values_323; 26; 16335; 0.69 ms; 34434; 1324.38461538462;
 values_324; 26; 16335; 0.69 ms; 34434; 1324.38461538462;
 values_325; 26; 16335; 0.69 ms; 34434; 1324.38461538462;
 values_326; 26; 16335; 0.69 ms; 34434; 1324.38461538462;
 values_327; 26; 16335; 0.69 ms; 34434; 1324.38461538462;
 values_328; 26; 16335; 0.69 ms; 34434; 1324.38461538462;
 values_329; 26; 16335; 0.69 ms; 34434; 1324.38461538462;
 values_33; 26; 16335; 0.69 ms; 34434; 1324.38461538462;
 values_330; 26; 16335; 0.69 ms; 34434; 1324.38461538462;
 values_331; 26; 16335; 0.69 ms; 34434; 1324.38461538462;
 values_332; 26; 16335; 0.69 ms; 34434; 1324.38461538462;
 values_333; 26; 16335; 0.69 ms; 34434; 1324.38461538462;
 values_334; 26; 16335; 0.69 ms; 34434; 1324.38461538462;
 values_335; 26; 16335; 0.69 ms; 34434; 1324.38461538462;
 values_336; 26; 16335; 0.69 ms; 34434; 1324.38461538462;
 values_337; 26; 16335; 0.69 ms; 34434; 1324.38461538462;
 values_338; 26; 16335; 0.69 ms; 34434; 1324.38461538462;
 values_339; 26; 16335; 0.69 ms; 34434; 1324.38461538462;
 values_34; 26; 16335; 0.69 ms; 34434; 1324.38461538462;
 values_340; 184; 17673; 0.78 ms; 39140; 212.717391304348;
 values_341; 184; 17673; 0.78 ms; 39140; 212.717391304348;
 values_342; 184; 17673; 0.78 ms; 39140; 212.717391304348;
 values_343; 184; 17673; 0.78 ms; 39140; 212.717391304348;
 values_344; 184; 17673; 0.78 ms; 39140; 212.717391304348;
 values_345; 184; 17673; 0.78 ms; 39140; 212.717391304348;
 values_346; 184; 17673; 0.78 ms; 39140; 212.717391304348;
 values_347; 184; 17673; 0.78 ms; 39140; 212.717391304348;
 values_348; 184; 17673; 0.78 ms; 39140; 212.717391304348;
 values_349; 184; 17673; 0.78 ms; 39140; 212.717391304348;
 values_35; 26; 16335; 0.69 ms; 34434; 1324.38461538462;
 values_350; 26; 16335; 0.69 ms; 34434; 1324.38461538462;
 values_351; 26; 16335; 0.69 ms; 34434; 1324.38461538462;
 values_352; 26; 16335; 0.69 ms; 34434; 1324.38461538462;
 values_353; 26; 16335; 0.69 ms; 34434; 1324.38461538462;
 values_354; 26; 16335; 0.69 ms; 34434; 1324.38461538462;
 values_355; 26; 16335; 0.69 ms; 34434; 1324.38461538462;
 values_356; 26; 16335; 0.69 ms; 34434; 1324.38461538462;
 values_357; 26; 16335; 0.69 ms; 34434; 1324.38461538462;
 values_358; 26; 16335; 0.69 ms; 34434; 1324.38461538462;
 values_359; 26; 16335; 0.69 ms; 34434; 1324.38461538462;
 values_36; 26; 16335; 0.69 ms; 34434; 1324.38461538462;
 values_360; 26; 16335; 0.69 ms; 34434; 1324.38461538462;
 values_361; 26; 16335; 0.69 ms; 34434; 1324.38461538462;
 values_362; 26; 16335; 0.69 ms; 34434; 1324.38461538462;
 values_363; 26; 16335; 0.69 ms; 34434; 1324.38461538462;
 values_364; 26; 16335; 0.69 ms; 34434; 1324.38461538462;
 values_365; 26; 16335; 0.69 ms; 34434; 1324.38461538462;
 values_366; 26; 16335; 0.69 ms; 34434; 1324.38461538462;
 values_367; 26; 16335; 0.69 ms; 34434; 1324.38461538462;
 values_368; 26; 16335; 0.69 ms; 34434; 1324.38461538462;
 values_369; 26; 16335; 0.69 ms; 34434; 1324.38461538462;
 values_37; 26; 16335; 0.69 ms; 34434; 1324.38461538462;
 values_370; 26; 16335; 0.69 ms; 34434; 1324.38461538462;
 values_371; 26; 16335; 0.69 ms; 34434; 1324.38461538462;
 values_372; 26; 16335; 0.69 ms; 34434; 1324.38461538462;
 values_373; 26; 16335; 0.69 ms; 34434; 1324.38461538462;
 values_374; 26; 16335; 0.69 ms; 34434; 1324.38461538462;
 values_375; 26; 16335; 0.69 ms; 34434; 1324.38461538462;
 values_376; 26; 16335; 0.69 ms; 34434; 1324.38461538462;
 values_377; 26; 16335; 0.69 ms; 34434; 1324.38461538462;
 values_378; 26; 16335; 0.69 ms; 34434; 1324.38461538462;
 values_379; 26; 16335; 0.69 ms; 34434; 1324.38461538462;
 values_38; 26; 16335; 0.69 ms; 34434; 1324.38461538462;
 values_380; 184; 17673; 0.78 ms; 39139; 212.711956521739;
 values_381; 184; 17673; 0.78 ms; 39139; 212.711956521739;
 values_382; 184; 17673; 0.78 ms; 39139; 212.711956521739;
 values_383; 184; 17673; 0.78 ms; 39139; 212.711956521739;
 values_384; 184; 17673; 0.78 ms; 39139; 212.711956521739;
 values_385; 184; 17673; 0.78 ms; 39139; 212.711956521739;
 values_386; 184; 17673; 0.78 ms; 39139; 212.711956521739;
 values_387; 184; 17673; 0.78 ms; 39139; 212.711956521739;
 values_388; 184; 17673; 0.78 ms; 39139; 212.711956521739;
 values_389; 184; 17673; 0.78 ms; 39139; 212.711956521739;
 values_39; 26; 16335; 0.69 ms; 34434; 1324.38461538462;
 values_390; 26; 16335; 0.69 ms; 34434; 1324.38461538462;
 values_391; 26; 16335; 0.69 ms; 34434; 1324.38461538462;
 values_392; 26; 16335; 0.69 ms; 34434; 1324.38461538462;
 values_393; 26; 16335; 0.69 ms; 34434; 1324.38461538462;
 values_394; 26; 16335; 0.69 ms; 34434; 1324.38461538462;
 values_395; 26; 16335; 0.69 ms; 34434; 1324.38461538462;
 values_396; 26; 16335; 0.69 ms; 34434; 1324.38461538462;
 values_397; 26; 16335; 0.69 ms; 34434; 1324.38461538462;
 values_398; 26; 16335; 0.69 ms; 34434; 1324.38461538462;
 values_399; 26; 16335; 0.69 ms; 34434; 1324.38461538462;
 values_40; 26; 16335; 0.69 ms; 34434; 1324.38461538462;
 values_400; 26; 16335; 0.69 ms; 34434; 1324.38461538462;
 values_401; 26; 16335; 0.69 ms; 34434; 1324.38461538462;
 values_402; 26; 16335; 0.69 ms; 34434; 1324.38461538462;
 values_403; 26; 16335; 0.69 ms; 34434; 1324.38461538462;
 values_404; 26; 16335; 0.69 ms; 34434; 1324.38461538462;
 values_405; 26; 16335; 0.69 ms; 34434; 1324.38461538462;
 values_406; 26; 16335; 0.69 ms; 34434; 1324.38461538462;
 values_407; 26; 16335; 0.69 ms; 34434; 1324.38461538462;
 values_408; 26; 16335; 0.69 ms; 34434; 1324.38461538462;
 values_409; 26; 16335; 0.69 ms; 34434; 1324.38461538462;
 values_41; 26; 16335; 0.69 ms; 34434; 1324.38461538462;
 values_410; 26; 16335; 0.69 ms; 34434; 1324.38461538462;
 values_411; 26; 16335; 0.69 ms; 34434; 1324.38461538462;
 values_412; 26; 16335; 0.69 ms; 34434; 1324.38461538462;
 values_413; 26; 16335; 0.69 ms; 34434; 1324.38461538462;
 values_414; 26; 16335; 0.69 ms; 34434; 1324.38461538462;
 values_415; 26; 16335; 0.69 ms; 34434; 1324.38461538462;
 values_416; 26; 16335; 0.69 ms; 34434; 1324.38461538462;
 values_417; 26; 16335; 0.69 ms; 34434; 1324.38461538462;
 values_418; 26; 16335; 0.69 ms; 34434; 1324.38461538462;
 values_419; 26; 16335; 0.69 ms; 34434; 1324.38461538462;
 values_42; 26; 16335; 0.69 ms; 34434; 1324.38461538462;
 values_420; 184; 17673; 0.78 ms; 39140; 212.717391304348;
 values_421; 184; 17673; 0.78 ms; 39140; 212.717391304348;
 values_422; 184; 17673; 0.78 ms; 39140; 212.717391304348;
 values_423; 184; 17673; 0.78 ms; 39140; 212.717391304348;
 values_424; 184; 17673; 0.78 ms; 39140; 212.717391304348;
 values_425; 184; 17673; 0.78 ms; 39140; 212.717391304348;
 values_426; 184; 17673; 0.78 ms; 39140; 212.717391304348;
 values_427; 184; 17673; 0.78 ms; 39140; 212.717391304348;
 values_428; 184; 17673; 0.78 ms; 39140; 212.717391304348;
 values_429; 184; 17673; 0.78 ms; 39140; 212.717391304348;
 values_43; 26; 16335; 0.69 ms; 34434; 1324.38461538462;
 values_430; 26; 16335; 0.69 ms; 34434; 1324.38461538462;
 values_431; 26; 16335; 0.69 ms; 34434; 1324.38461538462;
 values_432; 26; 16335; 0.69 ms; 34434; 1324.38461538462;
 values_433; 26; 16335; 0.69 ms; 34434; 1324.38461538462;
 values_434; 26; 16335; 0.69 ms; 34434; 1324.38461538462;
 values_435; 26; 16335; 0.69 ms; 34434; 1324.38461538462;
 values_436; 26; 16335; 0.69 ms; 34434; 1324.38461538462;
 values_437; 26; 16335; 0.69 ms; 34434; 1324.38461538462;
 values_438; 26; 16335; 0.69 ms; 34434; 1324.38461538462;
 values_439; 26; 16335; 0.69 ms; 34434; 1324.38461538462;
 values_44; 26; 16335; 0.69 ms; 34434; 1324.38461538462;
 values_440; 26; 16335; 0.69 ms; 34434; 1324.38461538462;
 values_441; 26; 16335; 0.69 ms; 34434; 1324.38461538462;
 values_442; 26; 16335; 0.69 ms; 34434; 1324.38461538462;
 values_443; 26; 16335; 0.69 ms; 34434; 1324.38461538462;
 values_444; 26; 16335; 0.69 ms; 34434; 1324.38461538462;
 values_445; 26; 16335; 0.69 ms; 34434; 1324.38461538462;
 values_446; 26; 16335; 0.69 ms; 34434; 1324.38461538462;
 values_447; 26; 16335; 0.69 ms; 34434; 1324.38461538462;
 values_448; 26; 16335; 0.69 ms; 34434; 1324.38461538462;
 values_449; 26; 16335; 0.69 ms; 34434; 1324.38461538462;
 values_45; 26; 16335; 0.69 ms; 34434; 1324.38461538462;
 values_450; 26; 16335; 0.69 ms; 34434; 1324.38461538462;
 values_451; 26; 16335; 0.69 ms; 34434; 1324.38461538462;
 values_452; 26; 16335; 0.69 ms; 34434; 1324.38461538462;
 values_453; 26; 16335; 0.69 ms; 34434; 1324.38461538462;
 values_454; 26; 16335; 0.69 ms; 34434; 1324.38461538462;
 values_455; 26; 16335; 0.69 ms; 34434; 1324.38461538462;
 values_456; 26; 16335; 0.69 ms; 34434; 1324.38461538462;
 values_457; 26; 16335; 0.69 ms; 34434; 1324.38461538462;
 values_458; 26; 16335; 0.69 ms; 34434; 1324.38461538462;
 values_459; 26; 16335; 0.69 ms; 34434; 1324.38461538462;
 values_46; 26; 16335; 0.69 ms; 34434; 1324.38461538462;
 values_460; 184; 17673; 0.78 ms; 39140; 212.717391304348;
 values_461; 184; 17673; 0.78 ms; 39140; 212.717391304348;
 values_462; 184; 17673; 0.78 ms; 39140; 212.717391304348;
 values_463; 184; 17673; 0.78 ms; 39140; 212.717391304348;
 values_464; 184; 17673; 0.78 ms; 39140; 212.717391304348;
 values_465; 184; 17673; 0.78 ms; 39140; 212.717391304348;
 values_466; 184; 17673; 0.78 ms; 39140; 212.717391304348;
 values_467; 184; 17673; 0.78 ms; 39140; 212.717391304348;
 values_468; 184; 17673; 0.78 ms; 39140; 212.717391304348;
 values_469; 184; 17673; 0.78 ms; 39140; 212.717391304348;
 values_47; 26; 16335; 0.69 ms; 34434; 1324.38461538462;
 values_470; 26; 16335; 0.69 ms; 34434; 1324.38461538462;
 values_471; 26; 16335; 0.69 ms; 34434; 1324.38461538462;
 values_472; 26; 16335; 0.69 ms; 34434; 1324.38461538462;
 values_473; 26; 16335; 0.69 ms; 34434; 1324.38461538462;
 values_474; 26; 16335; 0.69 ms; 34434; 1324.38461538462;
 values_475; 26; 16335; 0.69 ms; 34434; 1324.38461538462;
 values_476; 26; 16335; 0.69 ms; 34434; 1324.38461538462;
 values_477; 26; 16335; 0.69 ms; 34434; 1324.38461538462;
 values_478; 26; 16335; 0.69 ms; 34434; 1324.38461538462;
 values_479; 26; 16335; 0.69 ms; 34434; 1324.38461538462;
 values_48; 26; 16335; 0.69 ms; 34434; 1324.38461538462;
 values_480; 26; 16335; 0.69 ms; 34434; 1324.38461538462;
 values_481; 26; 16335; 0.69 ms; 34434; 1324.38461538462;
 values_482; 26; 16335; 0.69 ms; 34434; 1324.38461538462;
 values_483; 26; 16335; 0.69 ms; 34434; 1324.38461538462;
 values_484; 26; 16335; 0.69 ms; 34434; 1324.38461538462;
 values_485; 26; 16335; 0.69 ms; 34434; 1324.38461538462;
 values_486; 26; 16335; 0.69 ms; 34434; 1324.38461538462;
 values_487; 26; 16335; 0.69 ms; 34434; 1324.38461538462;
 values_488; 26; 16335; 0.69 ms; 34434; 1324.38461538462;
 values_489; 26; 16335; 0.69 ms; 34434; 1324.38461538462;
 values_49; 26; 16335; 0.69 ms; 34434; 1324.38461538462;
 values_490; 26; 16335; 0.69 ms; 34434; 1324.38461538462;
 values_491; 26; 16335; 0.69 ms; 34434; 1324.38461538462;
 values_492; 26; 16335; 0.69 ms; 34434; 1324.38461538462;
 values_493; 26; 16335; 0.69 ms; 34434; 1324.38461538462;
 values_494; 26; 16335; 0.69 ms; 34434; 1324.38461538462;
 values_495; 26; 16335; 0.69 ms; 34434; 1324.38461538462;
 values_496; 26; 16335; 0.69 ms; 34434; 1324.38461538462;
 values_497; 26; 16335; 0.69 ms; 34434; 1324.38461538462;
 values_498; 26; 16335; 0.69 ms; 34434; 1324.38461538462;
 values_499; 26; 16335; 0.69 ms; 34434; 1324.38461538462;
 values_50; 26; 16335; 0.69 ms; 34434; 1324.38461538462;
 values_500; 184; 17673; 0.78 ms; 39140; 212.717391304348;
 values_501; 184; 17673; 0.78 ms; 39140; 212.717391304348;
 values_502; 184; 17673; 0.78 ms; 39140; 212.717391304348;
 values_503; 184; 17673; 0.78 ms; 39140; 212.717391304348;
 values_504; 184; 17673; 0.78 ms; 39140; 212.717391304348;
 values_505; 184; 17673; 0.78 ms; 39140; 212.717391304348;
 values_506; 184; 17673; 0.78 ms; 39140; 212.717391304348;
 values_507; 184; 17673; 0.78 ms; 39140; 212.717391304348;
 values_508; 184; 17673; 0.78 ms; 39140; 212.717391304348;
 values_509; 184; 17673; 0.78 ms; 39140; 212.717391304348;
 values_51; 26; 16335; 0.69 ms; 34434; 1324.38461538462;
 values_510; 26; 16335; 0.69 ms; 34434; 1324.38461538462;
 values_511; 26; 16335; 0.69 ms; 34434; 1324.38461538462;
 values_512; 26; 16335; 0.69 ms; 34434; 1324.38461538462;
 values_513; 26; 16335; 0.69 ms; 34434; 1324.38461538462;
 values_514; 26; 16335; 0.69 ms; 34434; 1324.38461538462;
 values_515; 26; 16335; 0.69 ms; 34434; 1324.38461538462;
 values_516; 26; 16335; 0.69 ms; 34434; 1324.38461538462;
 values_517; 26; 16335; 0.69 ms; 34434; 1324.38461538462;
 values_518; 26; 16335; 0.69 ms; 34434; 1324.38461538462;
 values_519; 26; 16335; 0.69 ms; 34434; 1324.38461538462;
 values_52; 26; 16335; 0.69 ms; 34434; 1324.38461538462;
 values_520; 26; 16335; 0.69 ms; 34434; 1324.38461538462;
 values_521; 26; 16335; 0.69 ms; 34434; 1324.38461538462;
 values_522; 26; 16335; 0.69 ms; 34434; 1324.38461538462;
 values_523; 26; 16335; 0.69 ms; 34434; 1324.38461538462;
 values_524; 26; 16335; 0.69 ms; 34434; 1324.38461538462;
 values_525; 26; 16335; 0.69 ms; 34434; 1324.38461538462;
 values_526; 26; 16335; 0.69 ms; 34434; 1324.38461538462;
 values_527; 26; 16335; 0.69 ms; 34434; 1324.38461538462;
 values_528; 26; 16335; 0.69 ms; 34434; 1324.38461538462;
 values_529; 26; 16335; 0.69 ms; 34434; 1324.38461538462;
 values_53; 26; 16335; 0.69 ms; 34434; 1324.38461538462;
 values_530; 26; 16335; 0.69 ms; 34434; 1324.38461538462;
 values_531; 26; 16335; 0.69 ms; 34434; 1324.38461538462;
 values_532; 26; 16335; 0.69 ms; 34434; 1324.38461538462;
 values_533; 26; 16335; 0.69 ms; 34434; 1324.38461538462;
 values_534; 26; 16335; 0.69 ms; 34434; 1324.38461538462;
 values_535; 26; 16335; 0.69 ms; 34434; 1324.38461538462;
 values_536; 26; 16335; 0.69 ms; 34434; 1324.38461538462;
 values_537; 26; 16335; 0.69 ms; 34434; 1324.38461538462;
 values_538; 26; 16335; 0.69 ms; 34434; 1324.38461538462;
 values_539; 26; 16335; 0.69 ms; 34434; 1324.38461538462;
 values_54; 26; 16335; 0.69 ms; 34434; 1324.38461538462;
 values_540; 184; 17673; 0.78 ms; 39140; 212.717391304348;
 values_541; 184; 17673; 0.78 ms; 39140; 212.717391304348;
 values_542; 184; 17673; 0.78 ms; 39140; 212.717391304348;
 values_543; 184; 17673; 0.78 ms; 39140; 212.717391304348;
 values_544; 184; 17673; 0.78 ms; 39140; 212.717391304348;
 values_545; 184; 17673; 0.78 ms; 39140; 212.717391304348;
 values_546; 184; 17673; 0.78 ms; 39140; 212.717391304348;
 values_547; 184; 17673; 0.78 ms; 39140; 212.717391304348;
 values_548; 184; 17673; 0.78 ms; 39140; 212.717391304348;
 values_549; 184; 17673; 0.78 ms; 39140; 212.717391304348;
 values_55; 26; 16335; 0.69 ms; 34434; 1324.38461538462;
 values_550; 26; 16335; 0.69 ms; 34434; 1324.38461538462;
 values_551; 26; 16335; 0.69 ms; 34434; 1324.38461538462;
 values_552; 26; 16335; 0.69 ms; 34434; 1324.38461538462;
 values_553; 26; 16335; 0.69 ms; 34434; 1324.38461538462;
 values_554; 26; 16335; 0.69 ms; 34434; 1324.38461538462;
 values_555; 26; 16335; 0.69 ms; 34434; 1324.38461538462;
 values_556; 26; 16335; 0.69 ms; 34434; 1324.38461538462;
 values_557; 26; 16335; 0.69 ms; 34434; 1324.38461538462;
 values_558; 26; 16335; 0.69 ms; 34434; 1324.38461538462;
 values_559; 26; 16335; 0.69 ms; 34434; 1324.38461538462;
 values_56; 26; 16335; 0.69 ms; 34434; 1324.38461538462;
 values_560; 26; 16335; 0.69 ms; 34434; 1324.38461538462;
 values_561; 26; 16335; 0.69 ms; 34434; 1324.38461538462;
 values_562; 26; 16335; 0.69 ms; 34434; 1324.38461538462;
 values_563; 26; 16335; 0.69 ms; 34434; 1324.38461538462;
 values_564; 26; 16335; 0.69 ms; 34434; 1324.38461538462;
 values_565; 26; 16335; 0.69 ms; 34434; 1324.38461538462;
 values_566; 26; 16335; 0.69 ms; 34434; 1324.38461538462;
 values_567; 26; 16335; 0.69 ms; 34434; 1324.38461538462;
 values_568; 26; 16335; 0.69 ms; 34434; 1324.38461538462;
 values_569; 26; 16335; 0.69 ms; 34434; 1324.38461538462;
 values_57; 26; 16335; 0.69 ms; 34434; 1324.38461538462;
 values_570; 26; 16335; 0.69 ms; 34434; 1324.38461538462;
 values_571; 26; 16335; 0.69 ms; 34434; 1324.38461538462;
 values_572; 26; 16335; 0.69 ms; 34434; 1324.38461538462;
 values_573; 26; 16335; 0.69 ms; 34434; 1324.38461538462;
 values_574; 26; 16335; 0.69 ms; 34434; 1324.38461538462;
 values_575; 26; 16335; 0.69 ms; 34434; 1324.38461538462;
 values_576; 26; 16335; 0.69 ms; 34434; 1324.38461538462;
 values_577; 26; 16335; 0.69 ms; 34434; 1324.38461538462;
 values_578; 26; 16335; 0.69 ms; 34434; 1324.38461538462;
 values_579; 26; 16335; 0.69 ms; 34434; 1324.38461538462;
 values_58; 26; 16335; 0.69 ms; 34434; 1324.38461538462;
 values_580; 184; 17673; 0.78 ms; 39139; 212.711956521739;
 values_581; 184; 17673; 0.78 ms; 39139; 212.711956521739;
 values_582; 184; 17673; 0.78 ms; 39139; 212.711956521739;
 values_583; 184; 17673; 0.78 ms; 39139; 212.711956521739;
 values_584; 184; 17673; 0.78 ms; 39139; 212.711956521739;
 values_585; 184; 17673; 0.78 ms; 39139; 212.711956521739;
 values_586; 184; 17673; 0.78 ms; 39139; 212.711956521739;
 values_587; 184; 17673; 0.78 ms; 39139; 212.711956521739;
 values_588; 184; 17673; 0.78 ms; 39139; 212.711956521739;
 values_589; 184; 17673; 0.78 ms; 39139; 212.711956521739;
 values_59; 26; 16335; 0.69 ms; 34434; 1324.38461538462;
 values_590; 26; 16335; 0.69 ms; 34434; 1324.38461538462;
 values_591; 26; 16335; 0.69 ms; 34434; 1324.38461538462;
 values_592; 26; 16335; 0.69 ms; 34434; 1324.38461538462;
 values_593; 26; 16335; 0.69 ms; 34434; 1324.38461538462;
 values_594; 26; 16335; 0.69 ms; 34434; 1324.38461538462;
 values_595; 26; 16335; 0.69 ms; 34434; 1324.38461538462;
 values_596; 26; 16335; 0.69 ms; 34434; 1324.38461538462;
 values_597; 26; 16335; 0.69 ms; 34434; 1324.38461538462;
 values_598; 26; 16335; 0.69 ms; 34434; 1324.38461538462;
 values_599; 26; 16335; 0.69 ms; 34434; 1324.38461538462;
 values_60; 180; 17673; 0.78 ms; 39120; 217.333333333333;
 values_600; 26; 16335; 0.69 ms; 34434; 1324.38461538462;
 values_601; 26; 16335; 0.69 ms; 34434; 1324.38461538462;
 values_602; 26; 16335; 0.69 ms; 34434; 1324.38461538462;
 values_603; 26; 16335; 0.69 ms; 34434; 1324.38461538462;
 values_604; 26; 16335; 0.69 ms; 34434; 1324.38461538462;
 values_605; 26; 16335; 0.69 ms; 34434; 1324.38461538462;
 values_606; 26; 16335; 0.69 ms; 34434; 1324.38461538462;
 values_607; 26; 16335; 0.69 ms; 34434; 1324.38461538462;
 values_608; 26; 16335; 0.69 ms; 34434; 1324.38461538462;
 values_609; 26; 16335; 0.69 ms; 34434; 1324.38461538462;
 values_61; 180; 17673; 0.78 ms; 39120; 217.333333333333;
 values_610; 26; 16335; 0.69 ms; 34434; 1324.38461538462;
 values_611; 26; 16335; 0.69 ms; 34434; 1324.38461538462;
 values_612; 26; 16335; 0.69 ms; 34434; 1324.38461538462;
 values_613; 26; 16335; 0.69 ms; 34434; 1324.38461538462;
 values_614; 26; 16335; 0.69 ms; 34434; 1324.38461538462;
 values_615; 26; 16335; 0.69 ms; 34434; 1324.38461538462;
 values_616; 26; 16335; 0.69 ms; 34434; 1324.38461538462;
 values_617; 26; 16335; 0.69 ms; 34434; 1324.38461538462;
 values_618; 26; 16335; 0.69 ms; 34434; 1324.38461538462;
 values_619; 26; 16335; 0.69 ms; 34434; 1324.38461538462;
 values_62; 180; 17673; 0.78 ms; 39120; 217.333333333333;
 values_620; 184; 17673; 0.78 ms; 39140; 212.717391304348;
 values_621; 184; 17673; 0.78 ms; 39140; 212.717391304348;
 values_622; 184; 17673; 0.78 ms; 39140; 212.717391304348;
 values_623; 184; 17673; 0.78 ms; 39140; 212.717391304348;
 values_624; 184; 17673; 0.78 ms; 39140; 212.717391304348;
 values_625; 184; 17673; 0.78 ms; 39140; 212.717391304348;
 values_626; 184; 17673; 0.78 ms; 39140; 212.717391304348;
 values_627; 184; 17673; 0.78 ms; 39140; 212.717391304348;
 values_628; 184; 17673; 0.78 ms; 39140; 212.717391304348;
 values_629; 184; 17673; 0.78 ms; 39140; 212.717391304348;
 values_63; 180; 17673; 0.78 ms; 39120; 217.333333333333;
 values_630; 26; 16335; 0.69 ms; 34434; 1324.38461538462;
 values_631; 26; 16335; 0.69 ms; 34434; 1324.38461538462;
 values_632; 26; 16335; 0.69 ms; 34434; 1324.38461538462;
 values_633; 26; 16335; 0.69 ms; 34434; 1324.38461538462;
 values_634; 26; 16335; 0.69 ms; 34434; 1324.38461538462;
 values_635; 26; 16335; 0.69 ms; 34434; 1324.38461538462;
 values_636; 26; 16335; 0.69 ms; 34434; 1324.38461538462;
 values_637; 26; 16335; 0.69 ms; 34434; 1324.38461538462;
 values_638; 26; 16335; 0.69 ms; 34434; 1324.38461538462;
 values_639; 26; 16335; 0.69 ms; 34434; 1324.38461538462;
 values_64; 180; 17673; 0.78 ms; 39120; 217.333333333333;
 values_640; 26; 16335; 0.69 ms; 34434; 1324.38461538462;
 values_641; 26; 16335; 0.69 ms; 34434; 1324.38461538462;
 values_642; 26; 16335; 0.69 ms; 34434; 1324.38461538462;
 values_643; 26; 16335; 0.69 ms; 34434; 1324.38461538462;
 values_644; 26; 16335; 0.69 ms; 34434; 1324.38461538462;
 values_645; 26; 16335; 0.69 ms; 34434; 1324.38461538462;
 values_646; 26; 16335; 0.69 ms; 34434; 1324.38461538462;
 values_647; 26; 16335; 0.69 ms; 34434; 1324.38461538462;
 values_648; 26; 16335; 0.69 ms; 34434; 1324.38461538462;
 values_649; 26; 16335; 0.69 ms; 34434; 1324.38461538462;
 values_65; 180; 17673; 0.78 ms; 39120; 217.333333333333;
 values_650; 26; 16335; 0.69 ms; 34434; 1324.38461538462;
 values_651; 26; 16335; 0.69 ms; 34434; 1324.38461538462;
 values_652; 26; 16335; 0.69 ms; 34434; 1324.38461538462;
 values_653; 26; 16335; 0.69 ms; 34434; 1324.38461538462;
 values_654; 26; 16335; 0.69 ms; 34434; 1324.38461538462;
 values_655; 26; 16335; 0.69 ms; 34434; 1324.38461538462;
 values_656; 26; 16335; 0.69 ms; 34434; 1324.38461538462;
 values_657; 26; 16335; 0.69 ms; 34434; 1324.38461538462;
 values_658; 26; 16335; 0.69 ms; 34434; 1324.38461538462;
 values_659; 26; 16335; 0.69 ms; 34434; 1324.38461538462;
 values_66; 180; 17673; 0.78 ms; 39120; 217.333333333333;
 values_660; 184; 17673; 0.78 ms; 39140; 212.717391304348;
 values_661; 184; 17673; 0.78 ms; 39140; 212.717391304348;
 values_662; 184; 17673; 0.78 ms; 39140; 212.717391304348;
 values_663; 184; 17673; 0.78 ms; 39140; 212.717391304348;
 values_664; 184; 17673; 0.78 ms; 39140; 212.717391304348;
 values_665; 184; 17673; 0.78 ms; 39140; 212.717391304348;
 values_666; 184; 17673; 0.78 ms; 39140; 212.717391304348;
 values_667; 184; 17673; 0.78 ms; 39140; 212.717391304348;
 values_668; 184; 17673; 0.78 ms; 39140; 212.717391304348;
 values_669; 184; 17673; 0.78 ms; 39140; 212.717391304348;
 values_67; 180; 17673; 0.78 ms; 39120; 217.333333333333;
 values_670; 26; 16335; 0.69 ms; 34434; 1324.38461538462;
 values_671; 26; 16335; 0.69 ms; 34434; 1324.38461538462;
 values_672; 26; 16335; 0.69 ms; 34434; 1324.38461538462;
 values_673; 26; 16335; 0.69 ms; 34434; 1324.38461538462;
 values_674; 26; 16335; 0.69 ms; 34434; 1324.38461538462;
 values_675; 26; 16335; 0.69 ms; 34434; 1324.38461538462;
 values_676; 26; 16335; 0.69 ms; 34434; 1324.38461538462;
 values_677; 26; 16335; 0.69 ms; 34434; 1324.38461538462;
 values_678; 26; 16335; 0.69 ms; 34434; 1324.38461538462;
 values_679; 26; 16335; 0.69 ms; 34434; 1324.38461538462;
 values_68; 180; 17673; 0.78 ms; 39120; 217.333333333333;
 values_680; 26; 16335; 0.69 ms; 34434; 1324.38461538462;
 values_681; 26; 16335; 0.69 ms; 34434; 1324.38461538462;
 values_682; 26; 16335; 0.69 ms; 34434; 1324.38461538462;
 values_683; 26; 16335; 0.69 ms; 34434; 1324.38461538462;
 values_684; 26; 16335; 0.69 ms; 34434; 1324.38461538462;
 values_685; 26; 16335; 0.69 ms; 34434; 1324.38461538462;
 values_686; 26; 16335; 0.69 ms; 34434; 1324.38461538462;
 values_687; 26; 16335; 0.69 ms; 34434; 1324.38461538462;
 values_688; 26; 16335; 0.69 ms; 34434; 1324.38461538462;
 values_689; 26; 16335; 0.69 ms; 34434; 1324.38461538462;
 values_69; 180; 17673; 0.78 ms; 39120; 217.333333333333;
 values_690; 26; 16335; 0.69 ms; 34434; 1324.38461538462;
 values_691; 26; 16335; 0.69 ms; 34434; 1324.38461538462;
 values_692; 26; 16335; 0.69 ms; 34434; 1324.38461538462;
 values_693; 26; 16335; 0.69 ms; 34434; 1324.38461538462;
 values_694; 26; 16335; 0.69 ms; 34434; 1324.38461538462;
 values_695; 26; 16335; 0.69 ms; 34434; 1324.38461538462;
 values_696; 26; 16335; 0.69 ms; 34434; 1324.38461538462;
 values_697; 26; 16335; 0.69 ms; 34434; 1324.38461538462;
 values_698; 26; 16335; 0.69 ms; 34434; 1324.38461538462;
 values_699; 26; 16335; 0.69 ms; 34434; 1324.38461538462;
 values_70; 26; 16335; 0.69 ms; 34434; 1324.38461538462;
 values_700; 184; 17673; 0.78 ms; 39140; 212.717391304348;
 values_701; 184; 17673; 0.78 ms; 39140; 212.717391304348;
 values_702; 184; 17673; 0.78 ms; 39140; 212.717391304348;
 values_703; 184; 17673; 0.78 ms; 39140; 212.717391304348;
 values_704; 184; 17673; 0.78 ms; 39140; 212.717391304348;
 values_705; 184; 17673; 0.78 ms; 39140; 212.717391304348;
 values_706; 184; 17673; 0.78 ms; 39140; 212.717391304348;
 values_707; 184; 17673; 0.78 ms; 39140; 212.717391304348;
 values_708; 184; 17673; 0.78 ms; 39140; 212.717391304348;
 values_709; 184; 17673; 0.78 ms; 39140; 212.717391304348;
 values_71; 26; 16335; 0.69 ms; 34434; 1324.38461538462;
 values_710; 26; 16335; 0.69 ms; 34434; 1324.38461538462;
 values_711; 26; 16335; 0.69 ms; 34434; 1324.38461538462;
 values_712; 26; 16335; 0.69 ms; 34434; 1324.38461538462;
 values_713; 26; 16335; 0.69 ms; 34434; 1324.38461538462;
 values_714; 26; 16335; 0.69 ms; 34434; 1324.38461538462;
 values_715; 26; 16335; 0.69 ms; 34434; 1324.38461538462;
 values_716; 26; 16335; 0.69 ms; 34434; 1324.38461538462;
 values_717; 26; 16335; 0.69 ms; 34434; 1324.38461538462;
 values_718; 26; 16335; 0.69 ms; 34434; 1324.38461538462;
 values_719; 26; 16335; 0.69 ms; 34434; 1324.38461538462;
 values_72; 26; 16335; 0.69 ms; 34434; 1324.38461538462;
 values_720; 26; 16335; 0.69 ms; 34434; 1324.38461538462;
 values_721; 26; 16335; 0.69 ms; 34434; 1324.38461538462;
 values_722; 26; 16335; 0.69 ms; 34434; 1324.38461538462;
 values_723; 26; 16335; 0.69 ms; 34434; 1324.38461538462;
 values_724; 26; 16335; 0.69 ms; 34434; 1324.38461538462;
 values_725; 26; 16335; 0.69 ms; 34434; 1324.38461538462;
 values_726; 26; 16335; 0.69 ms; 34434; 1324.38461538462;
 values_727; 26; 16335; 0.69 ms; 34434; 1324.38461538462;
 values_728; 26; 16335; 0.69 ms; 34434; 1324.38461538462;
 values_729; 26; 16335; 0.69 ms; 34434; 1324.38461538462;
 values_73; 26; 16335; 0.69 ms; 34434; 1324.38461538462;
 values_730; 26; 16335; 0.69 ms; 34434; 1324.38461538462;
 values_731; 26; 16335; 0.69 ms; 34434; 1324.38461538462;
 values_732; 26; 16335; 0.69 ms; 34434; 1324.38461538462;
 values_733; 26; 16335; 0.69 ms; 34434; 1324.38461538462;
 values_734; 26; 16335; 0.69 ms; 34434; 1324.38461538462;
 values_735; 26; 16335; 0.69 ms; 34434; 1324.38461538462;
 values_736; 26; 16335; 0.69 ms; 34434; 1324.38461538462;
 values_737; 26; 16335; 0.69 ms; 34434; 1324.38461538462;
 values_738; 26; 16335; 0.69 ms; 34434; 1324.38461538462;
 values_739; 26; 16335; 0.69 ms; 34434; 1324.38461538462;
 values_74; 26; 16335; 0.69 ms; 34434; 1324.38461538462;
 values_740; 184; 17673; 0.78 ms; 39140; 212.717391304348;
 values_741; 184; 17673; 0.78 ms; 39140; 212.717391304348;
 values_742; 184; 17673; 0.78 ms; 39140; 212.717391304348;
 values_743; 184; 17673; 0.78 ms; 39140; 212.717391304348;
 values_744; 184; 17673; 0.78 ms; 39140; 212.717391304348;
 values_745; 184; 17673; 0.78 ms; 39140; 212.717391304348;
 values_746; 184; 17673; 0.78 ms; 39140; 212.717391304348;
 values_747; 184; 17673; 0.78 ms; 39140; 212.717391304348;
 values_748; 184; 17673; 0.78 ms; 39140; 212.717391304348;
 values_749; 184; 17673; 0.78 ms; 39140; 212.717391304348;
 values_75; 26; 16335; 0.69 ms; 34434; 1324.38461538462;
 values_750; 26; 16335; 0.69 ms; 34434; 1324.38461538462;
 values_751; 26; 16335; 0.69 ms; 34434; 1324.38461538462;
 values_752; 26; 16335; 0.69 ms; 34434; 1324.38461538462;
 values_753; 26; 16335; 0.69 ms; 34434; 1324.38461538462;
 values_754; 26; 16335; 0.69 ms; 34434; 1324.38461538462;
 values_755; 26; 16335; 0.69 ms; 34434; 1324.38461538462;
 values_756; 26; 16335; 0.69 ms; 34434; 1324.38461538462;
 values_757; 26; 16335; 0.69 ms; 34434; 1324.38461538462;
 values_758; 26; 16335; 0.69 ms; 34434; 1324.38461538462;
 values_759; 26; 16335; 0.69 ms; 34434; 1324.38461538462;
 values_76; 26; 16335; 0.69 ms; 34434; 1324.38461538462;
 values_760; 26; 16335; 0.69 ms; 34434; 1324.38461538462;
 values_761; 26; 16335; 0.69 ms; 34434; 1324.38461538462;
 values_762; 26; 16335; 0.69 ms; 34434; 1324.38461538462;
 values_763; 26; 16335; 0.69 ms; 34434; 1324.38461538462;
 values_764; 26; 16335; 0.69 ms; 34434; 1324.38461538462;
 values_765; 26; 16335; 0.69 ms; 34434; 1324.38461538462;
 values_766; 26; 16335; 0.69 ms; 34434; 1324.38461538462;
 values_767; 26; 16335; 0.69 ms; 34434; 1324.38461538462;
 values_768; 26; 16335; 0.69 ms; 34434; 1324.38461538462;
 values_769; 26; 16335; 0.69 ms; 34434; 1324.38461538462;
 values_77; 26; 16335; 0.69 ms; 34434; 1324.38461538462;
 values_770; 26; 16335; 0.69 ms; 34434; 1324.38461538462;
 values_771; 26; 16335; 0.69 ms; 34434; 1324.38461538462;
 values_772; 26; 16335; 0.69 ms; 34434; 1324.38461538462;
 values_773; 26; 16335; 0.69 ms; 34434; 1324.38461538462;
 values_774; 26; 16335; 0.69 ms; 34434; 1324.38461538462;
 values_775; 26; 16335; 0.69 ms; 34434; 1324.38461538462;
 values_776; 26; 16335; 0.69 ms; 34434; 1324.38461538462;
 values_777; 26; 16335; 0.69 ms; 34434; 1324.38461538462;
 values_778; 26; 16335; 0.69 ms; 34434; 1324.38461538462;
 values_779; 26; 16335; 0.69 ms; 34434; 1324.38461538462;
 values_78; 26; 16335; 0.69 ms; 34434; 1324.38461538462;
 values_780; 184; 17673; 0.78 ms; 39139; 212.711956521739;
 values_781; 184; 17673; 0.78 ms; 39139; 212.711956521739;
 values_782; 184; 17673; 0.78 ms; 39139; 212.711956521739;
 values_783; 184; 17673; 0.78 ms; 39139; 212.711956521739;
 values_784; 184; 17673; 0.78 ms; 39139; 212.711956521739;
 values_785; 184; 17673; 0.78 ms; 39139; 212.711956521739;
 values_786; 184; 17673; 0.78 ms; 39139; 212.711956521739;
 values_787; 184; 17673; 0.78 ms; 39139; 212.711956521739;
 values_788; 184; 17673; 0.78 ms; 39139; 212.711956521739;
 values_789; 184; 17673; 0.78 ms; 39139; 212.711956521739;
 values_79; 26; 16335; 0.69 ms; 34434; 1324.38461538462;
 values_790; 26; 16335; 0.69 ms; 34434; 1324.38461538462;
 values_791; 26; 16335; 0.69 ms; 34434; 1324.38461538462;
 values_792; 26; 16335; 0.69 ms; 34434; 1324.38461538462;
 values_793; 26; 16335; 0.69 ms; 34434; 1324.38461538462;
 values_794; 26; 16335; 0.69 ms; 34434; 1324.38461538462;
 values_795; 26; 16335; 0.69 ms; 34434; 1324.38461538462;
 values_796; 26; 16335; 0.69 ms; 34434; 1324.38461538462;
 values_797; 26; 16335; 0.69 ms; 34434; 1324.38461538462;
 values_798; 26; 16335; 0.69 ms; 34434; 1324.38461538462;
 values_799; 26; 16335; 0.69 ms; 34434; 1324.38461538462;
 values_80; 26; 16335; 0.69 ms; 34434; 1324.38461538462;
 values_800; 26; 16335; 0.69 ms; 34434; 1324.38461538462;
 values_801; 26; 16335; 0.69 ms; 34434; 1324.38461538462;
 values_802; 26; 16335; 0.69 ms; 34434; 1324.38461538462;
 values_803; 26; 16335; 0.69 ms; 34434; 1324.38461538462;
 values_804; 26; 16335; 0.69 ms; 34434; 1324.38461538462;
 values_805; 26; 16335; 0.69 ms; 34434; 1324.38461538462;
 values_806; 26; 16335; 0.69 ms; 34434; 1324.38461538462;
 values_807; 26; 16335; 0.69 ms; 34434; 1324.38461538462;
 values_808; 26; 16335; 0.69 ms; 34434; 1324.38461538462;
 values_809; 26; 16335; 0.69 ms; 34434; 1324.38461538462;
 values_81; 26; 16335; 0.69 ms; 34434; 1324.38461538462;
 values_810; 26; 16335; 0.69 ms; 34434; 1324.38461538462;
 values_811; 26; 16335; 0.69 ms; 34434; 1324.38461538462;
 values_812; 26; 16335; 0.69 ms; 34434; 1324.38461538462;
 values_813; 26; 16335; 0.69 ms; 34434; 1324.38461538462;
 values_814; 26; 16335; 0.69 ms; 34434; 1324.38461538462;
 values_815; 26; 16335; 0.69 ms; 34434; 1324.38461538462;
 values_816; 26; 16335; 0.69 ms; 34434; 1324.38461538462;
 values_817; 26; 16335; 0.69 ms; 34434; 1324.38461538462;
 values_818; 26; 16335; 0.69 ms; 34434; 1324.38461538462;
 values_819; 26; 16335; 0.69 ms; 34434; 1324.38461538462;
 values_82; 26; 16335; 0.69 ms; 34434; 1324.38461538462;
 values_820; 184; 17673; 0.78 ms; 39140; 212.717391304348;
 values_821; 184; 17673; 0.78 ms; 39140; 212.717391304348;
 values_822; 184; 17673; 0.78 ms; 39140; 212.717391304348;
 values_823; 184; 17673; 0.78 ms; 39140; 212.717391304348;
 values_824; 184; 17673; 0.78 ms; 39140; 212.717391304348;
 values_825; 184; 17673; 0.78 ms; 39140; 212.717391304348;
 values_826; 184; 17673; 0.78 ms; 39140; 212.717391304348;
 values_827; 184; 17673; 0.78 ms; 39140; 212.717391304348;
 values_828; 184; 17673; 0.78 ms; 39140; 212.717391304348;
 values_829; 184; 17673; 0.78 ms; 39140; 212.717391304348;
 values_83; 26; 16335; 0.69 ms; 34434; 1324.38461538462;
 values_830; 26; 16335; 0.69 ms; 34434; 1324.38461538462;
 values_831; 26; 16335; 0.69 ms; 34434; 1324.38461538462;
 values_832; 26; 16335; 0.69 ms; 34434; 1324.38461538462;
 values_833; 26; 16335; 0.69 ms; 34434; 1324.38461538462;
 values_834; 26; 16335; 0.69 ms; 34434; 1324.38461538462;
 values_835; 26; 16335; 0.69 ms; 34434; 1324.38461538462;
 values_836; 26; 16335; 0.69 ms; 34434; 1324.38461538462;
 values_837; 26; 16335; 0.69 ms; 34434; 1324.38461538462;
 values_838; 26; 16335; 0.69 ms; 34434; 1324.38461538462;
 values_839; 26; 16335; 0.69 ms; 34434; 1324.38461538462;
 values_84; 26; 16335; 0.69 ms; 34434; 1324.38461538462;
 values_840; 26; 16335; 0.69 ms; 34434; 1324.38461538462;
 values_841; 26; 16335; 0.69 ms; 34434; 1324.38461538462;
 values_842; 26; 16335; 0.69 ms; 34434; 1324.38461538462;
 values_843; 26; 16335; 0.69 ms; 34434; 1324.38461538462;
 values_844; 26; 16335; 0.69 ms; 34434; 1324.38461538462;
 values_845; 26; 16335; 0.69 ms; 34434; 1324.38461538462;
 values_846; 26; 16335; 0.69 ms; 34434; 1324.38461538462;
 values_847; 26; 16335; 0.69 ms; 34434; 1324.38461538462;
 values_848; 26; 16335; 0.69 ms; 34434; 1324.38461538462;
 values_849; 26; 16335; 0.69 ms; 34434; 1324.38461538462;
 values_85; 26; 16335; 0.69 ms; 34434; 1324.38461538462;
 values_850; 26; 16335; 0.69 ms; 34434; 1324.38461538462;
 values_851; 26; 16335; 0.69 ms; 34434; 1324.38461538462;
 values_852; 26; 16335; 0.69 ms; 34434; 1324.38461538462;
 values_853; 26; 16335; 0.69 ms; 34434; 1324.38461538462;
 values_854; 26; 16335; 0.69 ms; 34434; 1324.38461538462;
 values_855; 26; 16335; 0.69 ms; 34434; 1324.38461538462;
 values_856; 26; 16335; 0.69 ms; 34434; 1324.38461538462;
 values_857; 26; 16335; 0.69 ms; 34434; 1324.38461538462;
 values_858; 26; 16335; 0.69 ms; 34434; 1324.38461538462;
 values_859; 26; 16335; 0.69 ms; 34434; 1324.38461538462;
 values_86; 26; 16335; 0.69 ms; 34434; 1324.38461538462;
 values_860; 184; 17673; 0.78 ms; 39140; 212.717391304348;
 values_861; 184; 17673; 0.78 ms; 39140; 212.717391304348;
 values_862; 184; 17673; 0.78 ms; 39140; 212.717391304348;
 values_863; 184; 17673; 0.78 ms; 39140; 212.717391304348;
 values_864; 184; 17673; 0.78 ms; 39140; 212.717391304348;
 values_865; 184; 17673; 0.78 ms; 39140; 212.717391304348;
 values_866; 184; 17673; 0.78 ms; 39140; 212.717391304348;
 values_867; 184; 17673; 0.78 ms; 39140; 212.717391304348;
 values_868; 184; 17673; 0.78 ms; 39140; 212.717391304348;
 values_869; 184; 17673; 0.78 ms; 39140; 212.717391304348;
 values_87; 26; 16335; 0.69 ms; 34434; 1324.38461538462;
 values_870; 26; 16335; 0.69 ms; 34434; 1324.38461538462;
 values_871; 26; 16335; 0.69 ms; 34434; 1324.38461538462;
 values_872; 26; 16335; 0.69 ms; 34434; 1324.38461538462;
 values_873; 26; 16335; 0.69 ms; 34434; 1324.38461538462;
 values_874; 26; 16335; 0.69 ms; 34434; 1324.38461538462;
 values_875; 26; 16335; 0.69 ms; 34434; 1324.38461538462;
 values_876; 26; 16335; 0.69 ms; 34434; 1324.38461538462;
 values_877; 26; 16335; 0.69 ms; 34434; 1324.38461538462;
 values_878; 26; 16335; 0.69 ms; 34434; 1324.38461538462;
 values_879; 26; 16335; 0.69 ms; 34434; 1324.38461538462;
 values_88; 26; 16335; 0.69 ms; 34434; 1324.38461538462;
 values_880; 26; 16335; 0.69 ms; 34434; 1324.38461538462;
 values_881; 26; 16335; 0.69 ms; 34434; 1324.38461538462;
 values_882; 26; 16335; 0.69 ms; 34434; 1324.38461538462;
 values_883; 26; 16335; 0.69 ms; 34434; 1324.38461538462;
 values_884; 26; 16335; 0.69 ms; 34434; 1324.38461538462;
 values_885; 26; 16335; 0.69 ms; 34434; 1324.38461538462;
 values_886; 26; 16335; 0.69 ms; 34434; 1324.38461538462;
 values_887; 26; 16335; 0.69 ms; 34434; 1324.38461538462;
 values_888; 26; 16335; 0.69 ms; 34434; 1324.38461538462;
 values_889; 26; 16335; 0.69 ms; 34434; 1324.38461538462;
 values_89; 26; 16335; 0.69 ms; 34434; 1324.38461538462;
 values_890; 26; 16335; 0.69 ms; 34434; 1324.38461538462;
 values_891; 26; 16335; 0.69 ms; 34434; 1324.38461538462;
 values_892; 26; 16335; 0.69 ms; 34434; 1324.38461538462;
 values_893; 26; 16335; 0.69 ms; 34434; 1324.38461538462;
 values_894; 26; 16335; 0.69 ms; 34434; 1324.38461538462;
 values_895; 26; 16335; 0.69 ms; 34434; 1324.38461538462;
 values_896; 26; 16335; 0.69 ms; 34434; 1324.38461538462;
 values_897; 26; 16335; 0.69 ms; 34434; 1324.38461538462;
 values_898; 26; 16335; 0.69 ms; 34434; 1324.38461538462;
 values_899; 26; 16335; 0.69 ms; 34434; 1324.38461538462;
 values_90; 26; 16335; 0.69 ms; 34434; 1324.38461538462;
 values_900; 184; 17673; 0.78 ms; 39140; 212.717391304348;
 values_901; 184; 17673; 0.78 ms; 39140; 212.717391304348;
 values_902; 184; 17673; 0.78 ms; 39140; 212.717391304348;
 values_903; 184; 17673; 0.78 ms; 39140; 212.717391304348;
 values_904; 184; 17673; 0.78 ms; 39140; 212.717391304348;
 values_905; 184; 17673; 0.78 ms; 39140; 212.717391304348;
 values_906; 184; 17673; 0.78 ms; 39140; 212.717391304348;
 values_907; 184; 17673; 0.78 ms; 39140; 212.717391304348;
 values_908; 184; 17673; 0.78 ms; 39140; 212.717391304348;
 values_909; 184; 17673; 0.78 ms; 39140; 212.717391304348;
 values_91; 26; 16335; 0.69 ms; 34434; 1324.38461538462;
 values_910; 26; 16335; 0.69 ms; 34434; 1324.38461538462;
 values_911; 26; 16335; 0.69 ms; 34434; 1324.38461538462;
 values_912; 26; 16335; 0.69 ms; 34434; 1324.38461538462;
 values_913; 26; 16335; 0.69 ms; 34434; 1324.38461538462;
 values_914; 26; 16335; 0.69 ms; 34434; 1324.38461538462;
 values_915; 26; 16335; 0.69 ms; 34434; 1324.38461538462;
 values_916; 26; 16335; 0.69 ms; 34434; 1324.38461538462;
 values_917; 26; 16335; 0.69 ms; 34434; 1324.38461538462;
 values_918; 26; 16335; 0.69 ms; 34434; 1324.38461538462;
 values_919; 26; 16335; 0.69 ms; 34434; 1324.38461538462;
 values_92; 26; 16335; 0.69 ms; 34434; 1324.38461538462;
 values_920; 26; 16335; 0.69 ms; 34434; 1324.38461538462;
 values_921; 26; 16335; 0.69 ms; 34434; 1324.38461538462;
 values_922; 26; 16335; 0.69 ms; 34434; 1324.38461538462;
 values_923; 26; 16335; 0.69 ms; 34434; 1324.38461538462;
 values_924; 26; 16335; 0.69 ms; 34434; 1324.38461538462;
 values_925; 26; 16335; 0.69 ms; 34434; 1324.38461538462;
 values_926; 26; 16335; 0.69 ms; 34434; 1324.38461538462;
 values_927; 26; 16335; 0.69 ms; 34434; 1324.38461538462;
 values_928; 26; 16335; 0.69 ms; 34434; 1324.38461538462;
 values_929; 26; 16335; 0.69 ms; 34434; 1324.38461538462;
 values_93; 26; 16335; 0.69 ms; 34434; 1324.38461538462;
 values_930; 26; 16335; 0.69 ms; 34434; 1324.38461538462;
 values_931; 26; 16335; 0.69 ms; 34434; 1324.38461538462;
 values_932; 26; 16335; 0.69 ms; 34434; 1324.38461538462;
 values_933; 26; 16335; 0.69 ms; 34434; 1324.38461538462;
 values_934; 26; 16335; 0.69 ms; 34434; 1324.38461538462;
 values_935; 26; 16335; 0.69 ms; 34434; 1324.38461538462;
 values_936; 26; 16335; 0.69 ms; 34434; 1324.38461538462;
 values_937; 26; 16335; 0.69 ms; 34434; 1324.38461538462;
 values_938; 26; 16335; 0.69 ms; 34434; 1324.38461538462;
 values_939; 26; 16335; 0.69 ms; 34434; 1324.38461538462;
 values_94; 26; 16335; 0.69 ms; 34434; 1324.38461538462;
 values_940; 184; 17673; 0.78 ms; 39140; 212.717391304348;
 values_941; 184; 17673; 0.78 ms; 39140; 212.717391304348;
 values_942; 184; 17673; 0.78 ms; 39140; 212.717391304348;
 values_943; 184; 17673; 0.78 ms; 39140; 212.717391304348;
 values_944; 184; 17673; 0.78 ms; 39140; 212.717391304348;
 values_945; 184; 17673; 0.78 ms; 39140; 212.717391304348;
 values_946; 184; 17673; 0.78 ms; 39140; 212.717391304348;
 values_947; 184; 17673; 0.78 ms; 39140; 212.717391304348;
 values_948; 184; 17673; 0.78 ms; 39140; 212.717391304348;
 values_949; 184; 17673; 0.78 ms; 39140; 212.717391304348;
 values_95; 26; 16335; 0.69 ms; 34434; 1324.38461538462;
 values_950; 26; 16335; 0.69 ms; 34434; 1324.38461538462;
 values_951; 26; 16335; 0.69 ms; 34434; 1324.38461538462;
 values_952; 26; 16335; 0.69 ms; 34434; 1324.38461538462;
 values_953; 26; 16335; 0.69 ms; 34434; 1324.38461538462;
 values_954; 26; 16335; 0.69 ms; 34434; 1324.38461538462;
 values_955; 26; 16335; 0.69 ms; 34434; 1324.38461538462;
 values_956; 26; 16335; 0.69 ms; 34434; 1324.38461538462;
 values_957; 26; 16335; 0.69 ms; 34434; 1324.38461538462;
 values_958; 26; 16335; 0.69 ms; 34434; 1324.38461538462;
 values_959; 26; 16335; 0.69 ms; 34434; 1324.38461538462;
 values_96; 26; 16335; 0.69 ms; 34434; 1324.38461538462;
 values_960; 26; 16335; 0.69 ms; 34434; 1324.38461538462;
 values_961; 26; 16335; 0.69 ms; 34434; 1324.38461538462;
 values_962; 26; 16335; 0.69 ms; 34434; 1324.38461538462;
 values_963; 26; 16335; 0.69 ms; 34434; 1324.38461538462;
 values_964; 26; 16335; 0.69 ms; 34434; 1324.38461538462;
 values_965; 26; 16335; 0.69 ms; 34434; 1324.38461538462;
 values_966; 26; 16335; 0.69 ms; 34434; 1324.38461538462;
 values_967; 26; 16335; 0.69 ms; 34434; 1324.38461538462;
 values_968; 26; 16335; 0.69 ms; 34434; 1324.38461538462;
 values_969; 26; 16335; 0.69 ms; 34434; 1324.38461538462;
 values_97; 26; 16335; 0.69 ms; 34434; 1324.38461538462;
 values_970; 26; 16335; 0.69 ms; 34434; 1324.38461538462;
 values_971; 26; 16335; 0.69 ms; 34434; 1324.38461538462;
 values_972; 26; 16335; 0.69 ms; 34434; 1324.38461538462;
 values_973; 26; 16335; 0.69 ms; 34434; 1324.38461538462;
 values_974; 26; 16335; 0.69 ms; 34434; 1324.38461538462;
 values_975; 26; 16335; 0.69 ms; 34434; 1324.38461538462;
 values_976; 26; 16335; 0.69 ms; 34434; 1324.38461538462;
 values_977; 26; 16335; 0.69 ms; 34434; 1324.38461538462;
 values_978; 26; 16335; 0.69 ms; 34434; 1324.38461538462;
 values_979; 26; 16335; 0.69 ms; 34434; 1324.38461538462;
 values_98; 26; 16335; 0.69 ms; 34434; 1324.38461538462;
 values_980; 184; 17673; 0.78 ms; 39139; 212.711956521739;
 values_981; 184; 17673; 0.78 ms; 39139; 212.711956521739;
 values_982; 184; 17673; 0.78 ms; 39139; 212.711956521739;
 values_983; 184; 17673; 0.78 ms; 39139; 212.711956521739;
 values_984; 184; 17673; 0.78 ms; 39139; 212.711956521739;
 values_985; 184; 17673; 0.78 ms; 39139; 212.711956521739;
 values_986; 184; 17673; 0.78 ms; 39139; 212.711956521739;
 values_987; 184; 17673; 0.78 ms; 39139; 212.711956521739;
 values_988; 184; 17673; 0.78 ms; 39139; 212.711956521739;
 values_989; 184; 17673; 0.78 ms; 39139; 212.711956521739;
 values_99; 26; 16335; 0.69 ms; 34434; 1324.38461538462;
 values_990; 26; 16335; 0.69 ms; 34434; 1324.38461538462;
 values_991; 26; 16335; 0.69 ms; 34434; 1324.38461538462;
 values_992; 26; 16335; 0.69 ms; 34434; 1324.38461538462;
 values_993; 26; 16335; 0.69 ms; 34434; 1324.38461538462;
 values_994; 26; 16335; 0.69 ms; 34434; 1324.38461538462;
 values_995; 26; 16335; 0.69 ms; 34434; 1324.38461538462;
 values_996; 26; 16335; 0.69 ms; 34434; 1324.38461538462;
 values_997; 26; 16335; 0.69 ms; 34434; 1324.38461538462;
 values_998; 26; 16335; 0.69 ms; 34434; 1324.38461538462;
 values_999; 26; 16335; 0.69 ms; 34434; 1324.38461538462;
;;;;;; 
;;;;;; 
The CCPI min; 212.711956521739; 
The CCPI max; 1324.38461538462; 
The CCPI mean; 1046.69833351914; 
The CCPI variance; 231329.865677923; 
The CCPI standard deviation; 480.96763475095; 
Version of mipsc program; ; 
