Incite; Executed C Instr; Executed Ass Instr; Execution Time; Clock Cycle Expected Ass; Clock Cycle Effective; CC4CS; ;;;;;;; 
 values_520; 183; 1226; 0.001696; 22068; 20352; 111.213114754098;
 values_361; 183; 1978; 0.002948; 35604; 35376; 193.311475409836;
 values_317; 183; 1978; 0.002948; 35604; 35376; 193.311475409836;
 values_815; 183; 1978; 0.002948; 35604; 35376; 193.311475409836;
 values_436; 183; 1978; 0.002948; 35604; 35376; 193.311475409836;
 values_980; 22; 1978; 0.002948; 35604; 35376; 1608;
 values_702; 136; 1978; 0.002948; 35604; 35376; 260.117647058824;
 values_580; 183; 1978; 0.002948; 35604; 35376; 193.311475409836;
 values_320; 94; 1978; 0.002948; 35604; 35376; 376.340425531915;
 values_131; 183; 1978; 0.002948; 35604; 35376; 193.311475409836;
 values_692; 183; 1978; 0.002948; 35604; 35376; 193.311475409836;
 values_924; 183; 1978; 0.002947; 35604; 35364; 193.245901639344;
 values_960; 160; 1978; 0.002947; 35604; 35364; 221.025;
 values_363; 183; 1978; 0.002948; 35604; 35376; 193.311475409836;
 values_745; 46; 1978; 0.002948; 35604; 35376; 769.04347826087;
 values_481; 100; 1978; 0.002948; 35604; 35376; 353.76;
 values_685; 106; 1978; 0.002948; 35604; 35376; 333.735849056604;
 values_949; 183; 1978; 0.002948; 35604; 35376; 193.311475409836;
 values_209; 183; 1978; 0.002948; 35604; 35376; 193.311475409836;
 values_332; 28; 1978; 0.002948; 35604; 35376; 1263.42857142857;
 values_922; 183; 1978; 0.002947; 35604; 35364; 193.245901639344;
 values_181; 154; 1978; 0.002947; 35604; 35364; 229.636363636364;
 values_498; 183; 1978; 0.002947; 35604; 35364; 193.245901639344;
 values_641; 112; 1978; 0.002947; 35604; 35364; 315.75;
 values_796; 183; 1978; 0.002947; 35604; 35364; 193.245901639344;
 values_755; 183; 1978; 0.002947; 35604; 35364; 193.245901639344;
 values_40; 183; 1978; 0.002947; 35604; 35364; 193.245901639344;
 values_490; 183; 1978; 0.002947; 35604; 35364; 193.245901639344;
 values_902; 183; 1978; 0.002947; 35604; 35364; 193.245901639344;
 values_833; 183; 1978; 0.002947; 35604; 35364; 193.245901639344;
 values_208; 183; 1978; 0.002947; 35604; 35364; 193.245901639344;
 values_367; 183; 1978; 0.002948; 35604; 35376; 193.311475409836;
 values_542; 183; 1753; 0.002572; 31554; 30864; 168.655737704918;
 values_409; 183; 1753; 0.002572; 31554; 30864; 168.655737704918;
 values_296; 94; 1753; 0.002572; 31554; 30864; 328.340425531915;
 values_120; 183; 1753; 0.002572; 31554; 30864; 168.655737704918;
 values_200; 183; 1753; 0.002572; 31554; 30864; 168.655737704918;
 values_113; 166; 1753; 0.002572; 31554; 30864; 185.927710843373;
 values_856; 183; 1752; 0.00257; 31536; 30840; 168.524590163934;
 values_942; 183; 1752; 0.00257; 31536; 30840; 168.524590163934;
 values_474; 183; 1752; 0.00257; 31536; 30840; 168.524590163934;
 values_196; 58; 1752; 0.00257; 31536; 30840; 531.724137931035;
 values_44; 183; 1752; 0.00257; 31536; 30840; 168.524590163934;
 values_394; 183; 1752; 0.00257; 31536; 30840; 168.524590163934;
 values_568; 183; 1752; 0.00257; 31536; 30840; 168.524590163934;
 values_300; 82; 1752; 0.00257; 31536; 30840; 376.09756097561;
 values_937; 183; 1752; 0.00257; 31536; 30840; 168.524590163934;
 values_53; 183; 1978; 0.002947; 35604; 35364; 193.245901639344;
 values_841; 183; 1978; 0.002947; 35604; 35364; 193.245901639344;
 values_260; 130; 3493; 0.005679; 62874; 68148; 524.215384615385;
 values_750; 183; 3493; 0.005679; 62874; 68148; 372.393442622951;
 values_330; 28; 3493; 0.005679; 62874; 68148; 2433.85714285714;
 values_42; 183; 3493; 0.005679; 62874; 68148; 372.393442622951;
 values_968; 160; 3493; 0.005679; 62874; 68148; 425.925;
 values_618; 183; 3493; 0.005679; 62874; 68148; 372.393442622951;
 values_569; 183; 3493; 0.005679; 62874; 68148; 372.393442622951;
 values_207; 183; 3493; 0.005679; 62874; 68148; 372.393442622951;
 values_970; 183; 3493; 0.005679; 62874; 68148; 372.393442622951;
 values_95; 183; 3493; 0.005679; 62874; 68148; 372.393442622951;
 values_125; 183; 3493; 0.005679; 62874; 68148; 372.393442622951;
 values_936; 183; 3493; 0.005679; 62874; 68148; 372.393442622951;
 values_589; 183; 3493; 0.005679; 62874; 68148; 372.393442622951;
 values_759; 183; 3493; 0.005679; 62874; 68148; 372.393442622951;
 values_63; 183; 3493; 0.005679; 62874; 68148; 372.393442622951;
 values_721; 22; 3493; 0.005679; 62874; 68148; 3097.63636363636;
 values_447; 16; 3493; 0.005679; 62874; 68148; 4259.25;
 values_47; 183; 3493; 0.005679; 62874; 68148; 372.393442622951;
 values_747; 46; 3493; 0.005679; 62874; 68148; 1481.47826086957;
 values_544; 183; 1753; 0.002572; 31554; 30864; 168.655737704918;
 values_701; 136; 1753; 0.002572; 31554; 30864; 226.941176470588;
 values_135; 183; 1753; 0.002572; 31554; 30864; 168.655737704918;
 values_314; 183; 1753; 0.002572; 31554; 30864; 168.655737704918;
 values_377; 154; 1753; 0.002572; 31554; 30864; 200.415584415584;
 values_905; 183; 1753; 0.002572; 31554; 30864; 168.655737704918;
 values_441; 16; 1753; 0.002572; 31554; 30864; 1929;
 values_477; 183; 1753; 0.002572; 31554; 30864; 168.655737704918;
 values_621; 130; 3493; 0.005679; 62874; 68148; 524.215384615385;
 values_415; 183; 1752; 0.002571; 31536; 30852; 168.590163934426;
 values_630; 183; 1752; 0.002571; 31536; 30852; 168.590163934426;
 values_616; 183; 1752; 0.002571; 31536; 30852; 168.590163934426;
 values_592; 183; 1752; 0.002571; 31536; 30852; 168.590163934426;
 values_456; 183; 1752; 0.002571; 31536; 30852; 168.590163934426;
 values_335; 28; 1752; 0.002571; 31536; 30852; 1101.85714285714;
 values_172; 52; 1752; 0.002571; 31536; 30852; 593.307692307692;
 values_671; 183; 1752; 0.002571; 31536; 30852; 168.590163934426;
 values_551; 183; 1752; 0.002571; 31536; 30852; 168.590163934426;
 values_817; 183; 1752; 0.002571; 31536; 30852; 168.590163934426;
 values_529; 183; 1226; 0.001696; 22068; 20352; 111.213114754098;
 values_462; 124; 1226; 0.001696; 22068; 20352; 164.129032258065;
 values_182; 154; 1226; 0.001696; 22068; 20352; 132.155844155844;
 values_62; 183; 1226; 0.001696; 22068; 20352; 111.213114754098;
 values_707; 136; 1226; 0.001696; 22068; 20352; 149.647058823529;
 values_527; 183; 1226; 0.001696; 22068; 20352; 111.213114754098;
 values_483; 100; 1226; 0.001696; 22068; 20352; 203.52;
 values_473; 183; 1226; 0.001696; 22068; 20352; 111.213114754098;
 values_837; 183; 1226; 0.001696; 22068; 20352; 111.213114754098;
 values_106; 183; 1226; 0.001696; 22068; 20352; 111.213114754098;
 values_694; 183; 1226; 0.001696; 22068; 20352; 111.213114754098;
 values_876; 183; 1226; 0.001696; 22068; 20352; 111.213114754098;
 values_148; 183; 1226; 0.001696; 22068; 20352; 111.213114754098;
 values_348; 183; 1226; 0.001696; 22068; 20352; 111.213114754098;
 values_749; 46; 1226; 0.001696; 22068; 20352; 442.434782608696;
 values_303; 82; 1226; 0.001696; 22068; 20352; 248.19512195122;
 values_422; 183; 1226; 0.001696; 22068; 20352; 111.213114754098;
 values_291; 94; 1226; 0.001696; 22068; 20352; 216.510638297872;
 values_406; 183; 1226; 0.001696; 22068; 20352; 111.213114754098;
 values_584; 183; 1226; 0.001696; 22068; 20352; 111.213114754098;
 values_624; 130; 3493; 0.005679; 62874; 68148; 524.215384615385;
 values_691; 183; 3493; 0.005679; 62874; 68148; 372.393442622951;
 values_305; 82; 3493; 0.005679; 62874; 68148; 831.073170731707;
 values_579; 183; 3493; 0.005679; 62874; 68148; 372.393442622951;
 values_308; 82; 3493; 0.005679; 62874; 68148; 831.073170731707;
 values_718; 82; 3493; 0.005679; 62874; 68148; 831.073170731707;
 values_597; 183; 3493; 0.005679; 62874; 68148; 372.393442622951;
 values_870; 183; 3493; 0.005679; 62874; 68148; 372.393442622951;
 values_874; 183; 3493; 0.005679; 62874; 68148; 372.393442622951;
 values_880; 22; 3493; 0.005679; 62874; 68148; 3097.63636363636;
 values_121; 183; 3493; 0.005679; 62874; 68148; 372.393442622951;
 values_785; 16; 3493; 0.005679; 62874; 68148; 4259.25;
 values_657; 183; 3493; 0.005679; 62874; 68148; 372.393442622951;
 values_998; 183; 3493; 0.005679; 62874; 68148; 372.393442622951;
 values_916; 183; 3493; 0.005679; 62874; 68148; 372.393442622951;
 values_627; 130; 3493; 0.005679; 62874; 68148; 524.215384615385;
 values_349; 183; 3493; 0.005679; 62874; 68148; 372.393442622951;
 values_503; 183; 3493; 0.005679; 62874; 68148; 372.393442622951;
 values_284; 183; 3493; 0.005679; 62874; 68148; 372.393442622951;
 values_599; 183; 3493; 0.005679; 62874; 68148; 372.393442622951;
 values_369; 183; 1978; 0.002948; 35604; 35376; 193.311475409836;
 values_373; 154; 1978; 0.002948; 35604; 35376; 229.714285714286;
 values_475; 183; 1978; 0.002948; 35604; 35376; 193.311475409836;
 values_637; 183; 1978; 0.002948; 35604; 35376; 193.311475409836;
 values_34; 183; 1978; 0.002948; 35604; 35376; 193.311475409836;
 values_192; 58; 1978; 0.002948; 35604; 35376; 609.931034482759;
 values_844; 183; 1978; 0.002948; 35604; 35376; 193.311475409836;
 values_122; 183; 1978; 0.002948; 35604; 35376; 193.311475409836;
 values_428; 183; 1978; 0.002948; 35604; 35376; 193.311475409836;
 values_401; 183; 1978; 0.002948; 35604; 35376; 193.311475409836;
 values_710; 82; 1978; 0.002948; 35604; 35376; 431.414634146341;
 values_133; 183; 1978; 0.002948; 35604; 35376; 193.311475409836;
 values_472; 183; 1978; 0.002948; 35604; 35376; 193.311475409836;
 values_595; 183; 1978; 0.002948; 35604; 35376; 193.311475409836;
 values_420; 183; 1978; 0.002948; 35604; 35376; 193.311475409836;
 values_556; 183; 1978; 0.002948; 35604; 35376; 193.311475409836;
 values_971; 183; 1978; 0.002948; 35604; 35376; 193.311475409836;
 values_954; 58; 1978; 0.002948; 35604; 35376; 609.931034482759;
 values_151; 183; 1978; 0.002948; 35604; 35376; 193.311475409836;
 values_754; 183; 1978; 0.002948; 35604; 35376; 193.311475409836;
 values_896; 118; 1978; 0.002948; 35604; 35376; 299.796610169492;
 values_726; 22; 1978; 0.002948; 35604; 35376; 1608;
 values_953; 58; 1978; 0.002948; 35604; 35376; 609.931034482759;
 values_166; 183; 1978; 0.002948; 35604; 35376; 193.311475409836;
 values_228; 183; 1978; 0.002948; 35604; 35376; 193.311475409836;
 values_885; 22; 1978; 0.002948; 35604; 35376; 1608;
 values_126; 183; 1978; 0.002948; 35604; 35376; 193.311475409836;
 values_440; 16; 1978; 0.002948; 35604; 35376; 2211;
 values_416; 183; 1752; 0.002571; 31536; 30852; 168.590163934426;
 values_183; 154; 1752; 0.002571; 31536; 30852; 200.337662337662;
 values_480; 100; 1752; 0.002571; 31536; 30852; 308.52;
 values_784; 16; 1752; 0.002571; 31536; 30852; 1928.25;
 values_779; 183; 1752; 0.002571; 31536; 30852; 168.590163934426;
 values_505; 183; 1752; 0.002571; 31536; 30852; 168.590163934426;
 values_679; 183; 1752; 0.002571; 31536; 30852; 168.590163934426;
 values_734; 183; 1752; 0.002571; 31536; 30852; 168.590163934426;
 values_499; 183; 1752; 0.002571; 31536; 30852; 168.590163934426;
 values_997; 183; 1752; 0.002571; 31536; 30852; 168.590163934426;
 values_602; 106; 1752; 0.002571; 31536; 30852; 291.056603773585;
 values_851; 183; 1752; 0.00257; 31536; 30840; 168.524590163934;
 values_294; 94; 1752; 0.00257; 31536; 30840; 328.085106382979;
 values_992; 183; 1752; 0.00257; 31536; 30840; 168.524590163934;
 values_61; 183; 1752; 0.00257; 31536; 30840; 168.524590163934;
 values_715; 82; 1752; 0.00257; 31536; 30840; 376.09756097561;
 values_965; 160; 1752; 0.00257; 31536; 30840; 192.75;
 values_280; 183; 1752; 0.00257; 31536; 30840; 168.524590163934;
 values_484; 100; 1752; 0.00257; 31536; 30840; 308.4;
 values_625; 130; 3493; 0.005679; 62874; 68148; 524.215384615385;
 values_699; 183; 3493; 0.005679; 62874; 68148; 372.393442622951;
 values_198; 58; 3493; 0.005679; 62874; 68148; 1174.96551724138;
 values_272; 178; 3493; 0.005679; 62874; 68148; 382.85393258427;
 values_995; 183; 3493; 0.005679; 62874; 68148; 372.393442622951;
 values_907; 183; 3493; 0.005679; 62874; 68148; 372.393442622951;
 values_712; 82; 3493; 0.005679; 62874; 68148; 831.073170731707;
 values_142; 183; 3493; 0.005679; 62874; 68148; 372.393442622951;
 values_12; 183; 1978; 0.002948; 35604; 35376; 193.311475409836;
 values_10; 183; 1978; 0.002948; 35604; 35376; 193.311475409836;
 values_546; 183; 1753; 0.002572; 31554; 30864; 168.655737704918;
 values_310; 183; 1753; 0.002572; 31554; 30864; 168.655737704918;
 values_337; 28; 1753; 0.002572; 31554; 30864; 1102.28571428571;
 values_634; 183; 1753; 0.002572; 31554; 30864; 168.655737704918;
 values_654; 183; 1753; 0.002572; 31554; 30864; 168.655737704918;
 values_587; 183; 1753; 0.002572; 31554; 30864; 168.655737704918;
 values_522; 183; 1226; 0.001696; 22068; 20352; 111.213114754098;
 values_882; 22; 1226; 0.001696; 22068; 20352; 925.090909090909;
 values_287; 183; 1226; 0.001696; 22068; 20352; 111.213114754098;
 values_751; 183; 1226; 0.001696; 22068; 20352; 111.213114754098;
 values_756; 183; 1226; 0.001696; 22068; 20352; 111.213114754098;
 values_981; 22; 1226; 0.001696; 22068; 20352; 925.090909090909;
 values_523; 183; 1226; 0.001696; 22068; 20352; 111.213114754098;
 values_838; 183; 1226; 0.001696; 22068; 20352; 111.213114754098;
 values_129; 183; 1226; 0.001696; 22068; 20352; 111.213114754098;
 values_722; 22; 1226; 0.001696; 22068; 20352; 925.090909090909;
 values_386; 112; 1226; 0.001696; 22068; 20352; 181.714285714286;
 values_144; 183; 1226; 0.001696; 22068; 20352; 111.213114754098;
 values_27; 183; 1226; 0.001696; 22068; 20352; 111.213114754098;
 values_628; 130; 3493; 0.005679; 62874; 68148; 524.215384615385;
 values_697; 183; 3493; 0.005679; 62874; 68148; 372.393442622951;
 values_821; 183; 3493; 0.005679; 62874; 68148; 372.393442622951;
 values_66; 183; 3493; 0.005679; 62874; 68148; 372.393442622951;
 values_790; 183; 3493; 0.005679; 62874; 68148; 372.393442622951;
 values_398; 183; 3493; 0.005679; 62874; 68148; 372.393442622951;
 values_427; 183; 3493; 0.005679; 62874; 68148; 372.393442622951;
 values_946; 183; 3493; 0.005679; 62874; 68148; 372.393442622951;
 values_940; 183; 3493; 0.005679; 62874; 68148; 372.393442622951;
 values_443; 16; 3493; 0.005679; 62874; 68148; 4259.25;
 values_170; 52; 3493; 0.005679; 62874; 68148; 1310.53846153846;
 values_186; 154; 3493; 0.005679; 62874; 68148; 442.519480519481;
 values_528; 183; 1226; 0.001696; 22068; 20352; 111.213114754098;
 values_680; 106; 1226; 0.001696; 22068; 20352; 192;
 values_333; 28; 1226; 0.001696; 22068; 20352; 726.857142857143;
 values_388; 112; 1226; 0.001696; 22068; 20352; 181.714285714286;
 values_533; 183; 1226; 0.001696; 22068; 20352; 111.213114754098;
 values_21; 183; 1226; 0.001696; 22068; 20352; 111.213114754098;
 values_433; 183; 1226; 0.001696; 22068; 20352; 111.213114754098;
 values_877; 183; 1226; 0.001696; 22068; 20352; 111.213114754098;
 values_554; 183; 1226; 0.001696; 22068; 20352; 111.213114754098;
 values_313; 183; 1226; 0.001696; 22068; 20352; 111.213114754098;
 values_668; 148; 1226; 0.001696; 22068; 20352; 137.513513513514;
 values_269; 130; 3493; 0.005679; 62874; 68148; 524.215384615385;
 values_683; 106; 3493; 0.005679; 62874; 68148; 642.905660377358;
 values_536; 183; 3493; 0.005679; 62874; 68148; 372.393442622951;
 values_396; 183; 3493; 0.005679; 62874; 68148; 372.393442622951;
 values_632; 183; 3493; 0.005679; 62874; 68148; 372.393442622951;
 values_20; 183; 3493; 0.005679; 62874; 68148; 372.393442622951;
 values_412; 183; 1752; 0.002571; 31536; 30852; 168.590163934426;
 values_13; 183; 1978; 0.002948; 35604; 35376; 193.311475409836;
 values_408; 183; 1978; 0.002948; 35604; 35376; 193.311475409836;
 values_762; 183; 1978; 0.002948; 35604; 35376; 193.311475409836;
 values_651; 183; 1978; 0.002948; 35604; 35376; 193.311475409836;
 values_666; 148; 1978; 0.002948; 35604; 35376; 239.027027027027;
 values_855; 183; 1752; 0.00257; 31536; 30840; 168.524590163934;
 values_496; 183; 1752; 0.00257; 31536; 30840; 168.524590163934;
 values_393; 183; 1752; 0.00257; 31536; 30840; 168.524590163934;
 values_102; 183; 1752; 0.00257; 31536; 30840; 168.524590163934;
 values_852; 183; 1752; 0.00257; 31536; 30840; 168.524590163934;
 values_827; 183; 1752; 0.00257; 31536; 30840; 168.524590163934;
 values_438; 183; 1752; 0.00257; 31536; 30840; 168.524590163934;
 values_879; 183; 1752; 0.00257; 31536; 30840; 168.524590163934;
 values_800; 183; 1752; 0.00257; 31536; 30840; 168.524590163934;
 values_51; 183; 1978; 0.002947; 35604; 35364; 193.245901639344;
 values_116; 166; 1978; 0.002947; 35604; 35364; 213.036144578313;
 values_698; 183; 1978; 0.002947; 35604; 35364; 193.245901639344;
 values_312; 183; 1978; 0.002947; 35604; 35364; 193.245901639344;
 values_898; 118; 1978; 0.002947; 35604; 35364; 299.694915254237;
 values_417; 183; 1752; 0.002571; 31536; 30852; 168.590163934426;
 values_215; 183; 1752; 0.002571; 31536; 30852; 168.590163934426;
 values_506; 183; 1752; 0.002571; 31536; 30852; 168.590163934426;
 values_705; 136; 1752; 0.002571; 31536; 30852; 226.852941176471;
 values_345; 183; 1752; 0.002571; 31536; 30852; 168.590163934426;
 values_328; 94; 1752; 0.002571; 31536; 30852; 328.212765957447;
 values_90; 183; 1752; 0.002571; 31536; 30852; 168.590163934426;
 values_537; 183; 1752; 0.002571; 31536; 30852; 168.590163934426;
 values_321; 94; 1752; 0.002571; 31536; 30852; 328.212765957447;
 values_16; 183; 1978; 0.002948; 35604; 35376; 193.311475409836;
 values_729; 22; 1978; 0.002948; 35604; 35376; 1608;
 values_776; 183; 1978; 0.002948; 35604; 35376; 193.311475409836;
 values_560; 183; 1978; 0.002948; 35604; 35376; 193.311475409836;
 values_673; 183; 1978; 0.002948; 35604; 35376; 193.311475409836;
 values_739; 183; 1978; 0.002948; 35604; 35376; 193.311475409836;
 values_309; 82; 1978; 0.002948; 35604; 35376; 431.414634146341;
 values_920; 183; 1978; 0.002947; 35604; 35364; 193.245901639344;
 values_04; 16; 1978; 0.002947; 35604; 35364; 2210.25;
 values_615; 183; 1978; 0.002947; 35604; 35364; 193.245901639344;
 values_235; 28; 1978; 0.002947; 35604; 35364; 1263;
 values_491; 183; 1978; 0.002947; 35604; 35364; 193.245901639344;
 values_110; 166; 1978; 0.002947; 35604; 35364; 213.036144578313;
 values_81; 183; 1978; 0.002947; 35604; 35364; 193.245901639344;
 values_224; 183; 1978; 0.002947; 35604; 35364; 193.245901639344;
 values_290; 94; 1978; 0.002947; 35604; 35364; 376.212765957447;
 values_886; 22; 1978; 0.002947; 35604; 35364; 1607.45454545455;
 values_87; 183; 1978; 0.002947; 35604; 35364; 193.245901639344;
 values_897; 118; 1978; 0.002947; 35604; 35364; 299.694915254237;
 values_665; 148; 1978; 0.002947; 35604; 35364; 238.945945945946;
 values_05; 16; 1978; 0.002947; 35604; 35364; 2210.25;
 values_338; 28; 1978; 0.002947; 35604; 35364; 1263;
 values_689; 106; 1978; 0.002947; 35604; 35364; 333.622641509434;
 values_553; 183; 1978; 0.002947; 35604; 35364; 193.245901639344;
 values_202; 183; 1978; 0.002947; 35604; 35364; 193.245901639344;
 values_299; 94; 1978; 0.002947; 35604; 35364; 376.212765957447;
 values_319; 183; 1978; 0.002947; 35604; 35364; 193.245901639344;
 values_261; 130; 3493; 0.005679; 62874; 68148; 524.215384615385;
 values_988; 22; 3493; 0.005679; 62874; 68148; 3097.63636363636;
 values_929; 183; 1978; 0.002947; 35604; 35364; 193.245901639344;
 values_177; 52; 1978; 0.002947; 35604; 35364; 680.076923076923;
 values_459; 183; 1978; 0.002947; 35604; 35364; 193.245901639344;
 values_504; 183; 1978; 0.002947; 35604; 35364; 193.245901639344;
 values_329; 94; 1978; 0.002947; 35604; 35364; 376.212765957447;
 values_35; 183; 1978; 0.002947; 35604; 35364; 193.245901639344;
 values_985; 22; 1978; 0.002947; 35604; 35364; 1607.45454545455;
 values_06; 16; 1978; 0.002947; 35604; 35364; 2210.25;
 values_371; 154; 1978; 0.002947; 35604; 35364; 229.636363636364;
 values_161; 183; 1978; 0.002947; 35604; 35364; 193.245901639344;
 values_387; 112; 1978; 0.002947; 35604; 35364; 315.75;
 values_455; 183; 1978; 0.002947; 35604; 35364; 193.245901639344;
 values_419; 183; 1752; 0.002571; 31536; 30852; 168.590163934426;
 values_54; 183; 1978; 0.002947; 35604; 35364; 193.245901639344;
 values_411; 183; 1752; 0.002571; 31536; 30852; 168.590163934426;
 values_315; 183; 1752; 0.002571; 31536; 30852; 168.590163934426;
 values_78; 183; 1752; 0.002571; 31536; 30852; 168.590163934426;
 values_631; 183; 1752; 0.002571; 31536; 30852; 168.590163934426;
 values_429; 183; 1752; 0.002571; 31536; 30852; 168.590163934426;
 values_563; 183; 1752; 0.002571; 31536; 30852; 168.590163934426;
 values_493; 183; 1752; 0.002571; 31536; 30852; 168.590163934426;
 values_289; 183; 1752; 0.002571; 31536; 30852; 168.590163934426;
 values_322; 94; 1752; 0.002571; 31536; 30852; 328.212765957447;
 values_344; 183; 1752; 0.002571; 31536; 30852; 168.590163934426;
 values_457; 183; 1752; 0.002571; 31536; 30852; 168.590163934426;
 values_245; 183; 1752; 0.002571; 31536; 30852; 168.590163934426;
 values_164; 183; 1752; 0.002571; 31536; 30852; 168.590163934426;
 values_911; 183; 1752; 0.002571; 31536; 30852; 168.590163934426;
 values_342; 183; 1752; 0.002571; 31536; 30852; 168.590163934426;
 values_664; 148; 1752; 0.002571; 31536; 30852; 208.459459459459;
 values_449; 16; 1752; 0.002571; 31536; 30852; 1928.25;
 values_249; 183; 1752; 0.002571; 31536; 30852; 168.590163934426;
 values_758; 183; 1752; 0.002571; 31536; 30852; 168.590163934426;
 values_644; 112; 1752; 0.002571; 31536; 30852; 275.464285714286;
 values_807; 183; 1752; 0.002571; 31536; 30852; 168.590163934426;
 values_217; 183; 1752; 0.002571; 31536; 30852; 168.590163934426;
 values_690; 183; 1752; 0.002571; 31536; 30852; 168.590163934426;
 values_642; 112; 1752; 0.002571; 31536; 30852; 275.464285714286;
 values_649; 112; 1752; 0.002571; 31536; 30852; 275.464285714286;
 values_824; 183; 1752; 0.002571; 31536; 30852; 168.590163934426;
 values_864; 183; 1752; 0.002571; 31536; 30852; 168.590163934426;
 values_847; 183; 1752; 0.002571; 31536; 30852; 168.590163934426;
 values_777; 183; 1752; 0.002571; 31536; 30852; 168.590163934426;
 values_82; 183; 1752; 0.002571; 31536; 30852; 168.590163934426;
 values_359; 183; 1752; 0.002571; 31536; 30852; 168.590163934426;
 values_557; 183; 1752; 0.002571; 31536; 30852; 168.590163934426;
 values_831; 183; 1752; 0.002571; 31536; 30852; 168.590163934426;
 values_991; 183; 1752; 0.002571; 31536; 30852; 168.590163934426;
 values_583; 183; 1752; 0.002571; 31536; 30852; 168.590163934426;
 values_961; 160; 1752; 0.002571; 31536; 30852; 192.825;
 values_955; 58; 1752; 0.002571; 31536; 30852; 531.931034482759;
 values_190; 58; 1752; 0.002571; 31536; 30852; 531.931034482759;
 values_765; 183; 1752; 0.002571; 31536; 30852; 168.590163934426;
 values_251; 183; 1752; 0.002571; 31536; 30852; 168.590163934426;
 values_517; 40; 1752; 0.002571; 31536; 30852; 771.3;
 values_466; 124; 1752; 0.002571; 31536; 30852; 248.806451612903;
 values_919; 183; 1752; 0.002571; 31536; 30852; 168.590163934426;
 values_09; 16; 1752; 0.002571; 31536; 30852; 1928.25;
 values_487; 100; 1752; 0.002571; 31536; 30852; 308.52;
 values_559; 183; 1752; 0.002571; 31536; 30852; 168.590163934426;
 values_862; 183; 1752; 0.002571; 31536; 30852; 168.590163934426;
 values_652; 183; 1752; 0.002571; 31536; 30852; 168.590163934426;
 values_570; 183; 1752; 0.002571; 31536; 30852; 168.590163934426;
 values_214; 183; 1752; 0.002571; 31536; 30852; 168.590163934426;
 values_410; 183; 1752; 0.002571; 31536; 30852; 168.590163934426;
 values_572; 183; 1752; 0.002571; 31536; 30852; 168.590163934426;
 values_530; 183; 1752; 0.002571; 31536; 30852; 168.590163934426;
 values_105; 183; 1752; 0.002571; 31536; 30852; 168.590163934426;
 values_865; 183; 1752; 0.002571; 31536; 30852; 168.590163934426;
 values_76; 183; 1752; 0.002571; 31536; 30852; 168.590163934426;
 values_426; 183; 1752; 0.002571; 31536; 30852; 168.590163934426;
 values_774; 183; 1752; 0.002571; 31536; 30852; 168.590163934426;
 values_257; 183; 1752; 0.002571; 31536; 30852; 168.590163934426;
 values_450; 183; 1752; 0.002571; 31536; 30852; 168.590163934426;
 values_918; 183; 1752; 0.002571; 31536; 30852; 168.590163934426;
 values_636; 183; 1752; 0.002571; 31536; 30852; 168.590163934426;
 values_389; 112; 1752; 0.002571; 31536; 30852; 275.464285714286;
 values_370; 154; 1752; 0.002571; 31536; 30852; 200.337662337662;
 values_512; 40; 1752; 0.002571; 31536; 30852; 771.3;
 values_85; 183; 1752; 0.002571; 31536; 30852; 168.590163934426;
 values_306; 82; 1752; 0.002571; 31536; 30852; 376.243902439024;
 values_906; 183; 1752; 0.002571; 31536; 30852; 168.590163934426;
 values_849; 183; 1752; 0.002571; 31536; 30852; 168.590163934426;
 values_612; 183; 1752; 0.002571; 31536; 30852; 168.590163934426;
 values_242; 183; 1752; 0.002571; 31536; 30852; 168.590163934426;
 values_77; 183; 1752; 0.002571; 31536; 30852; 168.590163934426;
 values_86; 183; 1752; 0.002571; 31536; 30852; 168.590163934426;
 values_08; 16; 1752; 0.002571; 31536; 30852; 1928.25;
 values_829; 183; 1752; 0.002571; 31536; 30852; 168.590163934426;
 values_813; 183; 1752; 0.002571; 31536; 30852; 168.590163934426;
 values_511; 40; 1752; 0.002571; 31536; 30852; 771.3;
 values_58; 183; 1978; 0.002947; 35604; 35364; 193.245901639344;
 values_606; 106; 1978; 0.002947; 35604; 35364; 333.622641509434;
 values_884; 22; 1978; 0.002947; 35604; 35364; 1607.45454545455;
 values_380; 112; 1978; 0.002947; 35604; 35364; 315.75;
 values_234; 28; 1978; 0.002947; 35604; 35364; 1263;
 values_843; 183; 1978; 0.002947; 35604; 35364; 193.245901639344;
 values_240; 183; 1978; 0.002947; 35604; 35364; 193.245901639344;
 values_605; 106; 1978; 0.002947; 35604; 35364; 333.622641509434;
 values_256; 183; 1978; 0.002947; 35604; 35364; 193.245901639344;
 values_437; 183; 1978; 0.002947; 35604; 35364; 193.245901639344;
 values_598; 183; 1978; 0.002947; 35604; 35364; 193.245901639344;
 values_660; 148; 1978; 0.002947; 35604; 35364; 238.945945945946;
 values_948; 183; 1978; 0.002947; 35604; 35364; 193.245901639344;
 values_962; 160; 1978; 0.002947; 35604; 35364; 221.025;
 values_355; 183; 1978; 0.002947; 35604; 35364; 193.245901639344;
 values_914; 183; 1978; 0.002947; 35604; 35364; 193.245901639344;
 values_508; 183; 1978; 0.002947; 35604; 35364; 193.245901639344;
 values_233; 28; 1978; 0.002947; 35604; 35364; 1263;
 values_996; 183; 1978; 0.002947; 35604; 35364; 193.245901639344;
 values_935; 183; 1978; 0.002947; 35604; 35364; 193.245901639344;
 values_767; 183; 1978; 0.002947; 35604; 35364; 193.245901639344;
 values_311; 183; 1978; 0.002947; 35604; 35364; 193.245901639344;
 values_771; 183; 1978; 0.002947; 35604; 35364; 193.245901639344;
 values_414; 183; 1752; 0.002571; 31536; 30852; 168.590163934426;
 values_706; 136; 1752; 0.002571; 31536; 30852; 226.852941176471;
 values_431; 183; 1752; 0.002571; 31536; 30852; 168.590163934426;
 values_176; 52; 1752; 0.002571; 31536; 30852; 593.307692307692;
 values_468; 124; 1752; 0.002571; 31536; 30852; 248.806451612903;
 values_464; 124; 1752; 0.002571; 31536; 30852; 248.806451612903;
 values_32; 183; 1752; 0.002571; 31536; 30852; 168.590163934426;
 values_834; 183; 1752; 0.002571; 31536; 30852; 168.590163934426;
 values_842; 183; 1752; 0.002571; 31536; 30852; 168.590163934426;
 values_07; 16; 1752; 0.002571; 31536; 30852; 1928.25;
 values_941; 183; 1752; 0.002571; 31536; 30852; 168.590163934426;
 values_826; 183; 1752; 0.002571; 31536; 30852; 168.590163934426;
 values_178; 52; 1752; 0.002571; 31536; 30852; 593.307692307692;
 values_41; 183; 1752; 0.002571; 31536; 30852; 168.590163934426;
 values_119; 166; 1752; 0.002571; 31536; 30852; 185.855421686747;
 values_64; 183; 1752; 0.002571; 31536; 30852; 168.590163934426;
 values_461; 124; 1752; 0.002571; 31536; 30852; 248.806451612903;
 values_00; 16; 1752; 0.002571; 31536; 30852; 1928.25;
 values_662; 148; 1752; 0.002571; 31536; 30852; 208.459459459459;
 values_273; 178; 1752; 0.002571; 31536; 30852; 173.325842696629;
 values_492; 183; 1752; 0.002571; 31536; 30852; 168.590163934426;
 values_610; 183; 1752; 0.002571; 31536; 30852; 168.590163934426;
 values_655; 183; 1752; 0.002571; 31536; 30852; 168.590163934426;
 values_677; 183; 1752; 0.002571; 31536; 30852; 168.590163934426;
 values_167; 183; 1752; 0.002571; 31536; 30852; 168.590163934426;
 values_136; 183; 1752; 0.002571; 31536; 30852; 168.590163934426;
 values_265; 130; 3493; 0.005679; 62874; 68148; 524.215384615385;
 values_197; 58; 3493; 0.005679; 62874; 68148; 1174.96551724138;
 values_158; 183; 3493; 0.005679; 62874; 68148; 372.393442622951;
 values_676; 183; 3493; 0.005679; 62874; 68148; 372.393442622951;
 values_802; 183; 3493; 0.005679; 62874; 68148; 372.393442622951;
 values_384; 112; 3493; 0.005679; 62874; 68148; 608.464285714286;
 values_963; 160; 3493; 0.005679; 62874; 68148; 425.925;
 values_748; 46; 3493; 0.005679; 62874; 68148; 1481.47826086957;
 values_957; 58; 3493; 0.005679; 62874; 68148; 1174.96551724138;
 values_185; 154; 3493; 0.005679; 62874; 68148; 442.519480519481;
 values_850; 183; 1752; 0.00257; 31536; 30840; 168.524590163934;
 values_853; 183; 1752; 0.00257; 31536; 30840; 168.524590163934;
 values_98; 183; 1752; 0.00257; 31536; 30840; 168.524590163934;
 values_347; 183; 1752; 0.00257; 31536; 30840; 168.524590163934;
 values_626; 130; 3493; 0.005679; 62874; 68148; 524.215384615385;
 values_891; 118; 3493; 0.005679; 62874; 68148; 577.525423728814;
 values_232; 28; 3493; 0.005679; 62874; 68148; 2433.85714285714;
 values_210; 183; 3493; 0.005679; 62874; 68148; 372.393442622951;
 values_859; 183; 1752; 0.00257; 31536; 30840; 168.524590163934;
 values_867; 183; 1752; 0.00257; 31536; 30840; 168.524590163934;
 values_254; 183; 1752; 0.00257; 31536; 30840; 168.524590163934;
 values_28; 183; 1752; 0.00257; 31536; 30840; 168.524590163934;
 values_647; 112; 1752; 0.00257; 31536; 30840; 275.357142857143;
 values_575; 183; 1752; 0.00257; 31536; 30840; 168.524590163934;
 values_801; 183; 1752; 0.00257; 31536; 30840; 168.524590163934;
 values_244; 183; 1752; 0.00257; 31536; 30840; 168.524590163934;
 values_222; 183; 1752; 0.00257; 31536; 30840; 168.524590163934;
 values_364; 183; 1978; 0.002948; 35604; 35376; 193.311475409836;
 values_118; 166; 1978; 0.002948; 35604; 35376; 213.10843373494;
 values_223; 183; 1978; 0.002948; 35604; 35376; 193.311475409836;
 values_424; 183; 1978; 0.002948; 35604; 35376; 193.311475409836;
 values_360; 183; 1978; 0.002948; 35604; 35376; 193.311475409836;
 values_986; 22; 1978; 0.002948; 35604; 35376; 1608;
 values_766; 183; 1978; 0.002948; 35604; 35376; 193.311475409836;
 values_60; 183; 1978; 0.002948; 35604; 35376; 193.311475409836;
 values_994; 183; 1978; 0.002948; 35604; 35376; 193.311475409836;
 values_146; 183; 1978; 0.002948; 35604; 35376; 193.311475409836;
 values_629; 130; 3493; 0.005679; 62874; 68148; 524.215384615385;
 values_789; 16; 3493; 0.005679; 62874; 68148; 4259.25;
 values_889; 22; 3493; 0.005679; 62874; 68148; 3097.63636363636;
 values_808; 183; 3493; 0.005679; 62874; 68148; 372.393442622951;
 values_696; 183; 3493; 0.005679; 62874; 68148; 372.393442622951;
 values_258; 183; 3493; 0.005679; 62874; 68148; 372.393442622951;
 values_165; 183; 3493; 0.005679; 62874; 68148; 372.393442622951;
 values_507; 183; 3493; 0.005679; 62874; 68148; 372.393442622951;
 values_230; 28; 3493; 0.005679; 62874; 68148; 2433.85714285714;
 values_99; 183; 3493; 0.005679; 62874; 68148; 372.393442622951;
 values_860; 183; 3493; 0.005679; 62874; 68148; 372.393442622951;
 values_236; 28; 3493; 0.005679; 62874; 68148; 2433.85714285714;
 values_803; 183; 3493; 0.005679; 62874; 68148; 372.393442622951;
 values_48; 183; 3493; 0.005679; 62874; 68148; 372.393442622951;
 values_633; 183; 3493; 0.005679; 62874; 68148; 372.393442622951;
 values_407; 183; 3493; 0.005679; 62874; 68148; 372.393442622951;
 values_607; 106; 3493; 0.005679; 62874; 68148; 642.905660377358;
 values_643; 112; 3493; 0.005679; 62874; 68148; 608.464285714286;
 values_591; 183; 3493; 0.005679; 62874; 68148; 372.393442622951;
 values_366; 183; 1978; 0.002948; 35604; 35376; 193.311475409836;
 values_275; 178; 1978; 0.002948; 35604; 35376; 198.741573033708;
 values_130; 183; 1978; 0.002948; 35604; 35376; 193.311475409836;
 values_978; 183; 1978; 0.002948; 35604; 35376; 193.311475409836;
 values_830; 183; 1978; 0.002948; 35604; 35376; 193.311475409836;
 values_471; 183; 1978; 0.002948; 35604; 35376; 193.311475409836;
 values_451; 183; 1978; 0.002948; 35604; 35376; 193.311475409836;
 values_521; 183; 1226; 0.001696; 22068; 20352; 111.213114754098;
 values_713; 82; 1226; 0.001696; 22068; 20352; 248.19512195122;
 values_304; 82; 1226; 0.001696; 22068; 20352; 248.19512195122;
 values_510; 40; 1226; 0.001696; 22068; 20352; 508.8;
 values_663; 148; 1226; 0.001696; 22068; 20352; 137.513513513514;
 values_819; 183; 1226; 0.001696; 22068; 20352; 111.213114754098;
 values_205; 183; 1226; 0.001696; 22068; 20352; 111.213114754098;
 values_460; 124; 1226; 0.001696; 22068; 20352; 164.129032258065;
 values_502; 183; 1226; 0.001696; 22068; 20352; 111.213114754098;
 values_974; 183; 1226; 0.001696; 22068; 20352; 111.213114754098;
 values_229; 183; 1226; 0.001696; 22068; 20352; 111.213114754098;
 values_489; 100; 1226; 0.001696; 22068; 20352; 203.52;
 values_482; 100; 1226; 0.001696; 22068; 20352; 203.52;
 values_403; 183; 1226; 0.001696; 22068; 20352; 111.213114754098;
 values_59; 183; 1978; 0.002947; 35604; 35364; 193.245901639344;
 values_500; 183; 1978; 0.002947; 35604; 35364; 193.245901639344;
 values_686; 106; 1978; 0.002947; 35604; 35364; 333.622641509434;
 values_434; 183; 1978; 0.002947; 35604; 35364; 193.245901639344;
 values_154; 183; 1978; 0.002947; 35604; 35364; 193.245901639344;
 values_241; 183; 1978; 0.002947; 35604; 35364; 193.245901639344;
 values_346; 183; 1978; 0.002947; 35604; 35364; 193.245901639344;
 values_268; 130; 3493; 0.005679; 62874; 68148; 524.215384615385;
 values_545; 183; 1753; 0.002572; 31554; 30864; 168.655737704918;
 values_700; 136; 1753; 0.002572; 31554; 30864; 226.941176470588;
 values_323; 94; 1753; 0.002572; 31554; 30864; 328.340425531915;
 values_730; 183; 1753; 0.002572; 31554; 30864; 168.655737704918;
 values_795; 183; 1753; 0.002572; 31554; 30864; 168.655737704918;
 values_45; 183; 1753; 0.002572; 31554; 30864; 168.655737704918;
 values_74; 183; 1753; 0.002572; 31554; 30864; 168.655737704918;
 values_67; 183; 1753; 0.002572; 31554; 30864; 168.655737704918;
 values_92; 183; 1753; 0.002572; 31554; 30864; 168.655737704918;
 values_540; 183; 1753; 0.002572; 31554; 30864; 168.655737704918;
 values_640; 112; 1753; 0.002572; 31554; 30864; 275.571428571429;
 values_262; 130; 3493; 0.005679; 62874; 68148; 524.215384615385;
 values_476; 183; 3493; 0.005679; 62874; 68148; 372.393442622951;
 values_549; 183; 1753; 0.002572; 31554; 30864; 168.655737704918;
 values_454; 183; 1753; 0.002572; 31554; 30864; 168.655737704918;
 values_786; 16; 1753; 0.002572; 31554; 30864; 1929;
 values_237; 28; 1753; 0.002572; 31554; 30864; 1102.28571428571;
 values_959; 58; 1753; 0.002572; 31554; 30864; 532.137931034483;
 values_620; 130; 3493; 0.005679; 62874; 68148; 524.215384615385;
 values_246; 183; 3493; 0.005679; 62874; 68148; 372.393442622951;
 values_869; 183; 3493; 0.005679; 62874; 68148; 372.393442622951;
 values_392; 183; 3493; 0.005679; 62874; 68148; 372.393442622951;
 values_887; 22; 3493; 0.005679; 62874; 68148; 3097.63636363636;
 values_763; 183; 3493; 0.005679; 62874; 68148; 372.393442622951;
 values_38; 183; 3493; 0.005679; 62874; 68148; 372.393442622951;
 values_846; 183; 3493; 0.005679; 62874; 68148; 372.393442622951;
 values_80; 183; 3493; 0.005679; 62874; 68148; 372.393442622951;
 values_952; 58; 3493; 0.005679; 62874; 68148; 1174.96551724138;
 values_775; 183; 3493; 0.005679; 62874; 68148; 372.393442622951;
 values_143; 183; 3493; 0.005679; 62874; 68148; 372.393442622951;
 values_768; 183; 3493; 0.005679; 62874; 68148; 372.393442622951;
 values_938; 183; 3493; 0.005679; 62874; 68148; 372.393442622951;
 values_791; 183; 3493; 0.005679; 62874; 68148; 372.393442622951;
 values_171; 52; 3493; 0.005679; 62874; 68148; 1310.53846153846;
 values_430; 183; 3493; 0.005679; 62874; 68148; 372.393442622951;
 values_301; 82; 3493; 0.005679; 62874; 68148; 831.073170731707;
 values_913; 183; 3493; 0.005679; 62874; 68148; 372.393442622951;
 values_201; 183; 3493; 0.005679; 62874; 68148; 372.393442622951;
 values_22; 183; 3493; 0.005679; 62874; 68148; 372.393442622951;
 values_184; 154; 3493; 0.005679; 62874; 68148; 442.519480519481;
 values_231; 28; 3493; 0.005679; 62874; 68148; 2433.85714285714;
 values_157; 183; 3493; 0.005679; 62874; 68148; 372.393442622951;
 values_904; 183; 3493; 0.005679; 62874; 68148; 372.393442622951;
 values_814; 183; 3493; 0.005679; 62874; 68148; 372.393442622951;
 values_861; 183; 3493; 0.005679; 62874; 68148; 372.393442622951;
 values_989; 22; 3493; 0.005679; 62874; 68148; 3097.63636363636;
 values_358; 183; 3493; 0.005679; 62874; 68148; 372.393442622951;
 values_888; 22; 3493; 0.005679; 62874; 68148; 3097.63636363636;
 values_903; 183; 3493; 0.005679; 62874; 68148; 372.393442622951;
 values_325; 94; 3493; 0.005679; 62874; 68148; 724.978723404255;
 values_100; 183; 3493; 0.005679; 62874; 68148; 372.393442622951;
 values_15; 183; 1978; 0.002948; 35604; 35376; 193.311475409836;
 values_31; 183; 1978; 0.002948; 35604; 35376; 193.311475409836;
 values_617; 183; 1978; 0.002948; 35604; 35376; 193.311475409836;
 values_681; 106; 1978; 0.002948; 35604; 35376; 333.735849056604;
 values_353; 183; 1978; 0.002948; 35604; 35376; 193.311475409836;
 values_927; 183; 1978; 0.002947; 35604; 35364; 193.245901639344;
 values_163; 183; 1978; 0.002947; 35604; 35364; 193.245901639344;
 values_141; 183; 1978; 0.002947; 35604; 35364; 193.245901639344;
 values_609; 106; 1978; 0.002947; 35604; 35364; 333.622641509434;
 values_352; 183; 1978; 0.002947; 35604; 35364; 193.245901639344;
 values_854; 183; 1752; 0.00257; 31536; 30840; 168.524590163934;
 values_723; 22; 1752; 0.00257; 31536; 30840; 1401.81818181818;
 values_93; 183; 1752; 0.00257; 31536; 30840; 168.524590163934;
 values_382; 112; 1752; 0.00257; 31536; 30840; 275.357142857143;
 values_83; 183; 1752; 0.00257; 31536; 30840; 168.524590163934;
 values_225; 183; 1752; 0.00257; 31536; 30840; 168.524590163934;
 values_270; 178; 1752; 0.00257; 31536; 30840; 173.258426966292;
 values_518; 40; 1752; 0.00257; 31536; 30840; 771;
 values_944; 183; 1752; 0.00257; 31536; 30840; 168.524590163934;
 values_987; 22; 1752; 0.00257; 31536; 30840; 1401.81818181818;
 values_19; 183; 1978; 0.002948; 35604; 35376; 193.311475409836;
 values_866; 183; 1978; 0.002948; 35604; 35376; 193.311475409836;
 values_109; 183; 1978; 0.002948; 35604; 35376; 193.311475409836;
 values_248; 183; 1978; 0.002948; 35604; 35376; 193.311475409836;
 values_331; 28; 1978; 0.002948; 35604; 35376; 1263.42857142857;
 values_336; 28; 1978; 0.002948; 35604; 35376; 1263.42857142857;
 values_29; 183; 1978; 0.002948; 35604; 35376; 193.311475409836;
 values_687; 106; 1978; 0.002948; 35604; 35376; 333.735849056604;
 values_608; 106; 1978; 0.002948; 35604; 35376; 333.735849056604;
 values_832; 183; 1978; 0.002948; 35604; 35376; 193.311475409836;
 values_149; 183; 1978; 0.002948; 35604; 35376; 193.311475409836;
 values_276; 178; 1978; 0.002948; 35604; 35376; 198.741573033708;
 values_976; 183; 1978; 0.002948; 35604; 35376; 193.311475409836;
 values_69; 183; 1978; 0.002948; 35604; 35376; 193.311475409836;
 values_448; 16; 1978; 0.002948; 35604; 35376; 2211;
 values_930; 183; 1978; 0.002948; 35604; 35376; 193.311475409836;
 values_912; 183; 1978; 0.002948; 35604; 35376; 193.311475409836;
 values_596; 183; 1978; 0.002948; 35604; 35376; 193.311475409836;
 values_593; 183; 1978; 0.002948; 35604; 35376; 193.311475409836;
 values_836; 183; 1978; 0.002948; 35604; 35376; 193.311475409836;
 values_97; 183; 1978; 0.002948; 35604; 35376; 193.311475409836;
 values_999; 183; 1978; 0.002948; 35604; 35376; 193.311475409836;
 values_975; 183; 1978; 0.002948; 35604; 35376; 193.311475409836;
 values_372; 154; 1978; 0.002948; 35604; 35376; 229.714285714286;
 values_274; 178; 1978; 0.002948; 35604; 35376; 198.741573033708;
 values_601; 106; 1978; 0.002948; 35604; 35376; 333.735849056604;
 values_531; 183; 1978; 0.002948; 35604; 35376; 193.311475409836;
 values_823; 183; 1978; 0.002948; 35604; 35376; 193.311475409836;
 values_958; 58; 1978; 0.002948; 35604; 35376; 609.931034482759;
 values_263; 130; 3493; 0.005679; 62874; 68148; 524.215384615385;
 values_613; 183; 3493; 0.005679; 62874; 68148; 372.393442622951;
 values_283; 183; 3493; 0.005679; 62874; 68148; 372.393442622951;
 values_425; 183; 3493; 0.005679; 62874; 68148; 372.393442622951;
 values_219; 183; 3493; 0.005679; 62874; 68148; 372.393442622951;
 values_794; 183; 3493; 0.005679; 62874; 68148; 372.393442622951;
 values_226; 183; 3493; 0.005679; 62874; 68148; 372.393442622951;
 values_395; 183; 3493; 0.005679; 62874; 68148; 372.393442622951;
 values_467; 124; 3493; 0.005679; 62874; 68148; 549.58064516129;
 values_278; 178; 3493; 0.005679; 62874; 68148; 382.85393258427;
 values_678; 183; 3493; 0.005679; 62874; 68148; 372.393442622951;
 values_292; 94; 3493; 0.005679; 62874; 68148; 724.978723404255;
 values_213; 183; 3493; 0.005679; 62874; 68148; 372.393442622951;
 values_25; 183; 3493; 0.005679; 62874; 68148; 372.393442622951;
 values_497; 183; 3493; 0.005679; 62874; 68148; 372.393442622951;
 values_797; 183; 3493; 0.005679; 62874; 68148; 372.393442622951;
 values_70; 183; 3493; 0.005679; 62874; 68148; 372.393442622951;
 values_73; 183; 3493; 0.005679; 62874; 68148; 372.393442622951;
 values_239; 28; 3493; 0.005679; 62874; 68148; 2433.85714285714;
 values_138; 183; 3493; 0.005679; 62874; 68148; 372.393442622951;
 values_203; 183; 3493; 0.005679; 62874; 68148; 372.393442622951;
 values_266; 130; 3493; 0.005679; 62874; 68148; 524.215384615385;
 values_75; 183; 3493; 0.005679; 62874; 68148; 372.393442622951;
 values_216; 183; 3493; 0.005679; 62874; 68148; 372.393442622951;
 values_378; 154; 3493; 0.005679; 62874; 68148; 442.519480519481;
 values_405; 183; 3493; 0.005679; 62874; 68148; 372.393442622951;
 values_956; 58; 3493; 0.005679; 62874; 68148; 1174.96551724138;
 values_577; 183; 3493; 0.005679; 62874; 68148; 372.393442622951;
 values_645; 112; 3493; 0.005679; 62874; 68148; 608.464285714286;
 values_653; 183; 3493; 0.005679; 62874; 68148; 372.393442622951;
 values_65; 183; 3493; 0.005679; 62874; 68148; 372.393442622951;
 values_72; 183; 3493; 0.005679; 62874; 68148; 372.393442622951;
 values_187; 154; 3493; 0.005679; 62874; 68148; 442.519480519481;
 values_921; 183; 1978; 0.002947; 35604; 35364; 193.245901639344;
 values_933; 183; 1978; 0.002947; 35604; 35364; 193.245901639344;
 values_127; 183; 1978; 0.002947; 35604; 35364; 193.245901639344;
 values_822; 183; 1978; 0.002947; 35604; 35364; 193.245901639344;
 values_875; 183; 1978; 0.002947; 35604; 35364; 193.245901639344;
 values_285; 183; 1978; 0.002947; 35604; 35364; 193.245901639344;
 values_639; 183; 1978; 0.002947; 35604; 35364; 193.245901639344;
 values_307; 82; 1978; 0.002947; 35604; 35364; 431.268292682927;
 values_769; 183; 1978; 0.002947; 35604; 35364; 193.245901639344;
 values_343; 183; 1978; 0.002947; 35604; 35364; 193.245901639344;
 values_646; 112; 1978; 0.002947; 35604; 35364; 315.75;
 values_194; 58; 1978; 0.002947; 35604; 35364; 609.724137931035;
 values_809; 183; 1978; 0.002947; 35604; 35364; 193.245901639344;
 values_362; 183; 1978; 0.002948; 35604; 35376; 193.311475409836;
 values_761; 183; 1978; 0.002948; 35604; 35376; 193.311475409836;
 values_590; 183; 1978; 0.002948; 35604; 35376; 193.311475409836;
 values_811; 183; 1978; 0.002948; 35604; 35376; 193.311475409836;
 values_452; 183; 1978; 0.002948; 35604; 35376; 193.311475409836;
 values_733; 183; 1978; 0.002948; 35604; 35376; 193.311475409836;
 values_732; 183; 1978; 0.002948; 35604; 35376; 193.311475409836;
 values_271; 178; 1978; 0.002948; 35604; 35376; 198.741573033708;
 values_26; 183; 1978; 0.002948; 35604; 35376; 193.311475409836;
 values_445; 16; 1978; 0.002948; 35604; 35376; 2211;
 values_01; 16; 1978; 0.002948; 35604; 35376; 2211;
 values_585; 183; 1978; 0.002948; 35604; 35376; 193.311475409836;
 values_742; 46; 1978; 0.002948; 35604; 35376; 769.04347826087;
 values_49; 183; 1978; 0.002948; 35604; 35376; 193.311475409836;
 values_858; 183; 1752; 0.00257; 31536; 30840; 168.524590163934;
 values_79; 183; 1752; 0.00257; 31536; 30840; 168.524590163934;
 values_421; 183; 1752; 0.00257; 31536; 30840; 168.524590163934;
 values_33; 183; 1752; 0.00257; 31536; 30840; 168.524590163934;
 values_124; 183; 1752; 0.00257; 31536; 30840; 168.524590163934;
 values_757; 183; 1752; 0.00257; 31536; 30840; 168.524590163934;
 values_150; 183; 1752; 0.00257; 31536; 30840; 168.524590163934;
 values_357; 183; 1752; 0.00257; 31536; 30840; 168.524590163934;
 values_115; 166; 1752; 0.00257; 31536; 30840; 185.78313253012;
 values_783; 16; 1752; 0.00257; 31536; 30840; 1927.5;
 values_288; 183; 1752; 0.00257; 31536; 30840; 168.524590163934;
 values_873; 183; 1752; 0.00257; 31536; 30840; 168.524590163934;
 values_379; 154; 1752; 0.00257; 31536; 30840; 200.25974025974;
 values_623; 130; 3493; 0.005679; 62874; 68148; 524.215384615385;
 values_24; 183; 3493; 0.005679; 62874; 68148; 372.393442622951;
 values_977; 183; 3493; 0.005679; 62874; 68148; 372.393442622951;
 values_107; 183; 3493; 0.005679; 62874; 68148; 372.393442622951;
 values_279; 178; 3493; 0.005679; 62874; 68148; 382.85393258427;
 values_281; 183; 3493; 0.005679; 62874; 68148; 372.393442622951;
 values_238; 28; 3493; 0.005679; 62874; 68148; 2433.85714285714;
 values_693; 183; 3493; 0.005679; 62874; 68148; 372.393442622951;
 values_661; 148; 3493; 0.005679; 62874; 68148; 460.459459459459;
 values_835; 183; 3493; 0.005679; 62874; 68148; 372.393442622951;
 values_204; 183; 3493; 0.005679; 62874; 68148; 372.393442622951;
 values_724; 22; 3493; 0.005679; 62874; 68148; 3097.63636363636;
 values_253; 183; 3493; 0.005679; 62874; 68148; 372.393442622951;
 values_94; 183; 3493; 0.005679; 62874; 68148; 372.393442622951;
 values_465; 124; 3493; 0.005679; 62874; 68148; 549.58064516129;
 values_744; 46; 3493; 0.005679; 62874; 68148; 1481.47826086957;
 values_104; 183; 3493; 0.005679; 62874; 68148; 372.393442622951;
 values_818; 183; 3493; 0.005679; 62874; 68148; 372.393442622951;
 values_101; 183; 3493; 0.005679; 62874; 68148; 372.393442622951;
 values_293; 94; 3493; 0.005679; 62874; 68148; 724.978723404255;
 values_175; 52; 3493; 0.005679; 62874; 68148; 1310.53846153846;
 values_703; 136; 3493; 0.005679; 62874; 68148; 501.088235294118;
 values_199; 58; 3493; 0.005679; 62874; 68148; 1174.96551724138;
 values_674; 183; 3493; 0.005679; 62874; 68148; 372.393442622951;
 values_863; 183; 3493; 0.005679; 62874; 68148; 372.393442622951;
 values_132; 183; 3493; 0.005679; 62874; 68148; 372.393442622951;
 values_318; 183; 3493; 0.005679; 62874; 68148; 372.393442622951;
 values_123; 183; 3493; 0.005679; 62874; 68148; 372.393442622951;
 values_984; 22; 3493; 0.005679; 62874; 68148; 3097.63636363636;
 values_02; 16; 3493; 0.005679; 62874; 68148; 4259.25;
 values_725; 22; 3493; 0.005679; 62874; 68148; 3097.63636363636;
 values_89; 183; 3493; 0.005679; 62874; 68148; 372.393442622951;
 values_18; 183; 1978; 0.002948; 35604; 35376; 193.311475409836;
 values_152; 183; 1978; 0.002948; 35604; 35376; 193.311475409836;
 values_840; 183; 1978; 0.002948; 35604; 35376; 193.311475409836;
 values_57; 183; 1978; 0.002947; 35604; 35364; 193.245901639344;
 values_684; 106; 1978; 0.002947; 35604; 35364; 333.622641509434;
 values_558; 183; 1978; 0.002947; 35604; 35364; 193.245901639344;
 values_117; 166; 1978; 0.002947; 35604; 35364; 213.036144578313;
 values_881; 22; 1978; 0.002947; 35604; 35364; 1607.45454545455;
 values_350; 183; 1978; 0.002947; 35604; 35364; 193.245901639344;
 values_604; 106; 1978; 0.002947; 35604; 35364; 333.622641509434;
 values_716; 82; 1978; 0.002947; 35604; 35364; 431.268292682927;
 values_494; 183; 1978; 0.002947; 35604; 35364; 193.245901639344;
 values_969; 160; 1978; 0.002947; 35604; 35364; 221.025;
 values_923; 183; 1978; 0.002947; 35604; 35364; 193.245901639344;
 values_567; 183; 1978; 0.002947; 35604; 35364; 193.245901639344;
 values_658; 183; 1978; 0.002947; 35604; 35364; 193.245901639344;
 values_659; 183; 1978; 0.002947; 35604; 35364; 193.245901639344;
 values_168; 183; 1978; 0.002947; 35604; 35364; 193.245901639344;
 values_532; 183; 1978; 0.002947; 35604; 35364; 193.245901639344;
 values_509; 183; 1978; 0.002947; 35604; 35364; 193.245901639344;
 values_139; 183; 1978; 0.002947; 35604; 35364; 193.245901639344;
 values_901; 183; 1978; 0.002947; 35604; 35364; 193.245901639344;
 values_212; 183; 1978; 0.002947; 35604; 35364; 193.245901639344;
 values_402; 183; 1978; 0.002947; 35604; 35364; 193.245901639344;
 values_356; 183; 1978; 0.002947; 35604; 35364; 193.245901639344;
 values_611; 183; 1978; 0.002947; 35604; 35364; 193.245901639344;
 values_514; 40; 1978; 0.002947; 35604; 35364; 884.1;
 values_594; 183; 1978; 0.002947; 35604; 35364; 193.245901639344;
 values_108; 183; 1978; 0.002947; 35604; 35364; 193.245901639344;
 values_390; 183; 1978; 0.002947; 35604; 35364; 193.245901639344;
 values_247; 183; 1978; 0.002947; 35604; 35364; 193.245901639344;
 values_798; 183; 1978; 0.002947; 35604; 35364; 193.245901639344;
 values_932; 183; 1978; 0.002947; 35604; 35364; 193.245901639344;
 values_622; 130; 3493; 0.005679; 62874; 68148; 524.215384615385;
 values_728; 22; 3493; 0.005679; 62874; 68148; 3097.63636363636;
 values_574; 183; 3493; 0.005679; 62874; 68148; 372.393442622951;
 values_788; 16; 3493; 0.005679; 62874; 68148; 4259.25;
 values_983; 22; 3493; 0.005679; 62874; 68148; 3097.63636363636;
 values_704; 136; 3493; 0.005679; 62874; 68148; 501.088235294118;
 values_792; 183; 3493; 0.005679; 62874; 68148; 372.393442622951;
 values_218; 183; 3493; 0.005679; 62874; 68148; 372.393442622951;
 values_893; 118; 3493; 0.005679; 62874; 68148; 577.525423728814;
 values_534; 183; 3493; 0.005679; 62874; 68148; 372.393442622951;
 values_727; 22; 3493; 0.005679; 62874; 68148; 3097.63636363636;
 values_88; 183; 3493; 0.005679; 62874; 68148; 372.393442622951;
 values_672; 183; 3493; 0.005679; 62874; 68148; 372.393442622951;
 values_37; 183; 3493; 0.005679; 62874; 68148; 372.393442622951;
 values_302; 82; 3493; 0.005679; 62874; 68148; 831.073170731707;
 values_787; 16; 3493; 0.005679; 62874; 68148; 4259.25;
 values_404; 183; 3493; 0.005679; 62874; 68148; 372.393442622951;
 values_23; 183; 3493; 0.005679; 62874; 68148; 372.393442622951;
 values_326; 94; 3493; 0.005679; 62874; 68148; 724.978723404255;
 values_582; 183; 3493; 0.005679; 62874; 68148; 372.393442622951;
 values_951; 58; 3493; 0.005679; 62874; 68148; 1174.96551724138;
 values_381; 112; 3493; 0.005679; 62874; 68148; 608.464285714286;
 values_259; 183; 3493; 0.005679; 62874; 68148; 372.393442622951;
 values_945; 183; 3493; 0.005679; 62874; 68148; 372.393442622951;
 values_327; 94; 3493; 0.005679; 62874; 68148; 724.978723404255;
 values_137; 183; 3493; 0.005679; 62874; 68148; 372.393442622951;
 values_890; 118; 3493; 0.005679; 62874; 68148; 577.525423728814;
 values_458; 183; 3493; 0.005679; 62874; 68148; 372.393442622951;
 values_760; 183; 3493; 0.005679; 62874; 68148; 372.393442622951;
 values_943; 183; 3493; 0.005679; 62874; 68148; 372.393442622951;
 values_780; 16; 3493; 0.005679; 62874; 68148; 4259.25;
 values_565; 183; 3493; 0.005679; 62874; 68148; 372.393442622951;
 values_180; 154; 3493; 0.005679; 62874; 68148; 442.519480519481;
 values_883; 22; 3493; 0.005679; 62874; 68148; 3097.63636363636;
 values_966; 160; 3493; 0.005679; 62874; 68148; 425.925;
 values_939; 183; 3493; 0.005679; 62874; 68148; 372.393442622951;
 values_752; 183; 3493; 0.005679; 62874; 68148; 372.393442622951;
 values_324; 94; 3493; 0.005679; 62874; 68148; 724.978723404255;
 values_573; 183; 3493; 0.005679; 62874; 68148; 372.393442622951;
 values_71; 183; 3493; 0.005679; 62874; 68148; 372.393442622951;
 values_442; 16; 3493; 0.005679; 62874; 68148; 4259.25;
 values_444; 16; 3493; 0.005679; 62874; 68148; 4259.25;
 values_159; 183; 3493; 0.005679; 62874; 68148; 372.393442622951;
 values_548; 183; 1753; 0.002572; 31554; 30864; 168.655737704918;
 values_334; 28; 1753; 0.002572; 31554; 30864; 1102.28571428571;
 values_720; 22; 1753; 0.002572; 31554; 30864; 1402.90909090909;
 values_772; 183; 1753; 0.002572; 31554; 30864; 168.655737704918;
 values_979; 183; 1753; 0.002572; 31554; 30864; 168.655737704918;
 values_397; 183; 1753; 0.002572; 31554; 30864; 168.655737704918;
 values_316; 183; 1753; 0.002572; 31554; 30864; 168.655737704918;
 values_934; 183; 1753; 0.002572; 31554; 30864; 168.655737704918;
 values_872; 183; 1753; 0.002572; 31554; 30864; 168.655737704918;
 values_928; 183; 1978; 0.002947; 35604; 35364; 193.245901639344;
 values_600; 106; 1978; 0.002947; 35604; 35364; 333.622641509434;
 values_286; 183; 1978; 0.002947; 35604; 35364; 193.245901639344;
 values_535; 183; 1978; 0.002947; 35604; 35364; 193.245901639344;
 values_709; 136; 1978; 0.002947; 35604; 35364; 260.029411764706;
 values_925; 183; 1978; 0.002947; 35604; 35364; 193.245901639344;
 values_669; 148; 1978; 0.002947; 35604; 35364; 238.945945945946;
 values_550; 183; 1978; 0.002947; 35604; 35364; 193.245901639344;
 values_439; 183; 1978; 0.002947; 35604; 35364; 193.245901639344;
 values_114; 166; 1978; 0.002947; 35604; 35364; 213.036144578313;
 values_252; 183; 1978; 0.002947; 35604; 35364; 193.245901639344;
 values_603; 106; 1978; 0.002947; 35604; 35364; 333.622641509434;
 values_892; 118; 1978; 0.002947; 35604; 35364; 299.694915254237;
 values_656; 183; 1978; 0.002947; 35604; 35364; 193.245901639344;
 values_711; 82; 1978; 0.002947; 35604; 35364; 431.268292682927;
 values_571; 183; 1978; 0.002947; 35604; 35364; 193.245901639344;
 values_917; 183; 1978; 0.002947; 35604; 35364; 193.245901639344;
 values_103; 183; 1978; 0.002947; 35604; 35364; 193.245901639344;
 values_908; 183; 1978; 0.002947; 35604; 35364; 193.245901639344;
 values_470; 183; 1978; 0.002947; 35604; 35364; 193.245901639344;
 values_147; 183; 1978; 0.002947; 35604; 35364; 193.245901639344;
 values_160; 183; 1978; 0.002947; 35604; 35364; 193.245901639344;
 values_526; 183; 1226; 0.001696; 22068; 20352; 111.213114754098;
 values_541; 183; 1753; 0.002572; 31554; 30864; 168.655737704918;
 values_501; 183; 1753; 0.002572; 31554; 30864; 168.655737704918;
 values_539; 183; 1753; 0.002572; 31554; 30864; 168.655737704918;
 values_816; 183; 1753; 0.002572; 31554; 30864; 168.655737704918;
 values_519; 40; 1753; 0.002572; 31554; 30864; 771.6;
 values_140; 183; 1753; 0.002572; 31554; 30864; 168.655737704918;
 values_586; 183; 1753; 0.002572; 31554; 30864; 168.655737704918;
 values_515; 40; 1753; 0.002572; 31554; 30864; 771.6;
 values_736; 183; 1753; 0.002572; 31554; 30864; 168.655737704918;
 values_909; 183; 1753; 0.002572; 31554; 30864; 168.655737704918;
 values_845; 183; 1753; 0.002572; 31554; 30864; 168.655737704918;
 values_743; 46; 1753; 0.002572; 31554; 30864; 670.95652173913;
 values_878; 183; 1753; 0.002572; 31554; 30864; 168.655737704918;
 values_463; 124; 1753; 0.002572; 31554; 30864; 248.903225806452;
 values_453; 183; 1753; 0.002572; 31554; 30864; 168.655737704918;
 values_435; 183; 1753; 0.002572; 31554; 30864; 168.655737704918;
 values_868; 183; 1753; 0.002572; 31554; 30864; 168.655737704918;
 values_576; 183; 1753; 0.002572; 31554; 30864; 168.655737704918;
 values_400; 183; 1753; 0.002572; 31554; 30864; 168.655737704918;
 values_708; 136; 1753; 0.002572; 31554; 30864; 226.941176470588;
 values_820; 183; 1753; 0.002572; 31554; 30864; 168.655737704918;
 values_614; 183; 1753; 0.002572; 31554; 30864; 168.655737704918;
 values_189; 154; 1753; 0.002572; 31554; 30864; 200.415584415584;
 values_857; 183; 1752; 0.00257; 31536; 30840; 168.524590163934;
 values_793; 183; 1752; 0.00257; 31536; 30840; 168.524590163934;
 values_982; 22; 1752; 0.00257; 31536; 30840; 1401.81818181818;
 values_413; 183; 1752; 0.002571; 31536; 30852; 168.590163934426;
 values_174; 52; 1752; 0.002571; 31536; 30852; 593.307692307692;
 values_179; 52; 1752; 0.002571; 31536; 30852; 593.307692307692;
 values_770; 183; 1752; 0.002571; 31536; 30852; 168.590163934426;
 values_566; 183; 1752; 0.002571; 31536; 30852; 168.590163934426;
 values_753; 183; 1752; 0.002571; 31536; 30852; 168.590163934426;
 values_495; 183; 1752; 0.002571; 31536; 30852; 168.590163934426;
 values_84; 183; 1752; 0.002571; 31536; 30852; 168.590163934426;
 values_43; 183; 1752; 0.002571; 31536; 30852; 168.590163934426;
 values_931; 183; 1752; 0.002571; 31536; 30852; 168.590163934426;
 values_682; 106; 1752; 0.002571; 31536; 30852; 291.056603773585;
 values_741; 46; 1752; 0.002571; 31536; 30852; 670.695652173913;
 values_650; 183; 1752; 0.002571; 31536; 30852; 168.590163934426;
 values_950; 58; 1752; 0.002571; 31536; 30852; 531.931034482759;
 values_418; 183; 1752; 0.002571; 31536; 30852; 168.590163934426;
 values_399; 183; 1752; 0.002571; 31536; 30852; 168.590163934426;
 values_764; 183; 1752; 0.002571; 31536; 30852; 168.590163934426;
 values_810; 183; 1752; 0.002571; 31536; 30852; 168.590163934426;
 values_36; 183; 1752; 0.002571; 31536; 30852; 168.590163934426;
 values_46; 183; 1752; 0.002571; 31536; 30852; 168.590163934426;
 values_277; 178; 1752; 0.002571; 31536; 30852; 173.325842696629;
 values_55; 183; 1978; 0.002947; 35604; 35364; 193.245901639344;
 values_524; 183; 1226; 0.001696; 22068; 20352; 111.213114754098;
 values_552; 183; 1226; 0.001696; 22068; 20352; 111.213114754098;
 values_39; 183; 1226; 0.001696; 22068; 20352; 111.213114754098;
 values_804; 183; 1226; 0.001696; 22068; 20352; 111.213114754098;
 values_211; 183; 1226; 0.001696; 22068; 20352; 111.213114754098;
 values_782; 16; 1226; 0.001696; 22068; 20352; 1272;
 values_128; 183; 1226; 0.001696; 22068; 20352; 111.213114754098;
 values_564; 183; 1226; 0.001696; 22068; 20352; 111.213114754098;
 values_354; 183; 1226; 0.001696; 22068; 20352; 111.213114754098;
 values_619; 183; 1226; 0.001696; 22068; 20352; 111.213114754098;
 values_267; 130; 3493; 0.005679; 62874; 68148; 524.215384615385;
 values_111; 166; 3493; 0.005679; 62874; 68148; 410.530120481928;
 values_516; 40; 3493; 0.005679; 62874; 68148; 1703.7;
 values_221; 183; 3493; 0.005679; 62874; 68148; 372.393442622951;
 values_899; 118; 3493; 0.005679; 62874; 68148; 577.525423728814;
 values_206; 183; 3493; 0.005679; 62874; 68148; 372.393442622951;
 values_964; 160; 3493; 0.005679; 62874; 68148; 425.925;
 values_635; 183; 3493; 0.005679; 62874; 68148; 372.393442622951;
 values_900; 183; 3493; 0.005679; 62874; 68148; 372.393442622951;
 values_14; 183; 1978; 0.002948; 35604; 35376; 193.311475409836;
 values_555; 183; 1978; 0.002948; 35604; 35376; 193.311475409836;
 values_112; 166; 1978; 0.002948; 35604; 35376; 213.10843373494;
 values_578; 183; 1978; 0.002948; 35604; 35376; 193.311475409836;
 values_134; 183; 1978; 0.002948; 35604; 35376; 193.311475409836;
 values_746; 46; 1978; 0.002948; 35604; 35376; 769.04347826087;
 values_446; 16; 1978; 0.002948; 35604; 35376; 2211;
 values_243; 183; 1978; 0.002948; 35604; 35376; 193.311475409836;
 values_469; 124; 1978; 0.002948; 35604; 35376; 285.290322580645;
 values_735; 183; 1978; 0.002948; 35604; 35376; 193.311475409836;
 values_52; 183; 1978; 0.002947; 35604; 35364; 193.245901639344;
 values_915; 183; 1978; 0.002947; 35604; 35364; 193.245901639344;
 values_717; 82; 1978; 0.002947; 35604; 35364; 431.268292682927;
 values_68; 183; 1978; 0.002947; 35604; 35364; 193.245901639344;
 values_688; 106; 1978; 0.002947; 35604; 35364; 333.622641509434;
 values_967; 160; 1978; 0.002947; 35604; 35364; 221.025;
 values_193; 58; 1978; 0.002947; 35604; 35364; 609.724137931035;
 values_17; 183; 1978; 0.002948; 35604; 35376; 193.311475409836;
 values_990; 183; 1978; 0.002948; 35604; 35376; 193.311475409836;
 values_561; 183; 1978; 0.002948; 35604; 35376; 193.311475409836;
 values_667; 148; 1978; 0.002948; 35604; 35376; 239.027027027027;
 values_781; 16; 1978; 0.002948; 35604; 35376; 2211;
 values_513; 40; 1978; 0.002948; 35604; 35376; 884.4;
 values_812; 183; 1978; 0.002948; 35604; 35376; 193.311475409836;
 values_910; 183; 1978; 0.002948; 35604; 35376; 193.311475409836;
 values_543; 183; 1753; 0.002572; 31554; 30864; 168.655737704918;
 values_188; 154; 1753; 0.002572; 31554; 30864; 200.415584415584;
 values_525; 183; 1226; 0.001696; 22068; 20352; 111.213114754098;
 values_91; 183; 1226; 0.001696; 22068; 20352; 111.213114754098;
 values_848; 183; 1226; 0.001696; 22068; 20352; 111.213114754098;
 values_423; 183; 1226; 0.001696; 22068; 20352; 111.213114754098;
 values_670; 183; 1226; 0.001696; 22068; 20352; 111.213114754098;
 values_375; 154; 1226; 0.001696; 22068; 20352; 132.155844155844;
 values_391; 183; 1226; 0.001696; 22068; 20352; 111.213114754098;
 values_374; 154; 1226; 0.001696; 22068; 20352; 132.155844155844;
 values_695; 183; 1226; 0.001696; 22068; 20352; 111.213114754098;
 values_191; 58; 1226; 0.001696; 22068; 20352; 350.896551724138;
 values_432; 183; 1226; 0.001696; 22068; 20352; 111.213114754098;
 values_282; 183; 1226; 0.001696; 22068; 20352; 111.213114754098;
 values_479; 183; 1226; 0.001696; 22068; 20352; 111.213114754098;
 values_169; 183; 1226; 0.001696; 22068; 20352; 111.213114754098;
 values_485; 100; 1226; 0.001696; 22068; 20352; 203.52;
 values_376; 154; 1226; 0.001696; 22068; 20352; 132.155844155844;
 values_50; 183; 1978; 0.002947; 35604; 35364; 193.245901639344;
 values_162; 183; 1978; 0.002947; 35604; 35364; 193.245901639344;
 values_96; 183; 1978; 0.002947; 35604; 35364; 193.245901639344;
 values_806; 183; 1978; 0.002947; 35604; 35364; 193.245901639344;
 values_581; 183; 1978; 0.002947; 35604; 35364; 193.245901639344;
 values_227; 183; 1978; 0.002947; 35604; 35364; 193.245901639344;
 values_973; 183; 1978; 0.002947; 35604; 35364; 193.245901639344;
 values_719; 82; 1978; 0.002947; 35604; 35364; 431.268292682927;
 values_894; 118; 1978; 0.002947; 35604; 35364; 299.694915254237;
 values_383; 112; 1978; 0.002947; 35604; 35364; 315.75;
 values_368; 183; 1978; 0.002948; 35604; 35376; 193.311475409836;
 values_30; 183; 1978; 0.002948; 35604; 35376; 193.311475409836;
 values_255; 183; 1978; 0.002948; 35604; 35376; 193.311475409836;
 values_195; 58; 1978; 0.002948; 35604; 35376; 609.931034482759;
 values_839; 183; 1978; 0.002948; 35604; 35376; 193.311475409836;
 values_738; 183; 1978; 0.002948; 35604; 35376; 193.311475409836;
 values_895; 118; 1978; 0.002948; 35604; 35376; 299.796610169492;
 values_385; 112; 1978; 0.002948; 35604; 35376; 315.857142857143;
 values_220; 183; 1978; 0.002948; 35604; 35376; 193.311475409836;
 values_298; 94; 1978; 0.002948; 35604; 35376; 376.340425531915;
 values_737; 183; 1978; 0.002948; 35604; 35376; 193.311475409836;
 values_538; 183; 1978; 0.002948; 35604; 35376; 193.311475409836;
 values_156; 183; 1978; 0.002948; 35604; 35376; 193.311475409836;
 values_56; 183; 1978; 0.002947; 35604; 35364; 193.245901639344;
 values_648; 112; 1978; 0.002947; 35604; 35364; 315.75;
 values_778; 183; 1978; 0.002947; 35604; 35364; 193.245901639344;
 values_351; 183; 1978; 0.002947; 35604; 35364; 193.245901639344;
 values_153; 183; 1978; 0.002947; 35604; 35364; 193.245901639344;
 values_926; 183; 1978; 0.002947; 35604; 35364; 193.245901639344;
 values_341; 183; 1978; 0.002947; 35604; 35364; 193.245901639344;
 values_740; 46; 1978; 0.002947; 35604; 35364; 768.782608695652;
 values_562; 183; 1978; 0.002947; 35604; 35364; 193.245901639344;
 values_547; 183; 1753; 0.002572; 31554; 30864; 168.655737704918;
 values_638; 183; 1753; 0.002572; 31554; 30864; 168.655737704918;
 values_03; 16; 1753; 0.002572; 31554; 30864; 1929;
 values_11; 183; 1978; 0.002948; 35604; 35376; 193.311475409836;
 values_488; 100; 1978; 0.002948; 35604; 35376; 353.76;
 values_297; 94; 1978; 0.002948; 35604; 35376; 376.340425531915;
 values_173; 52; 1978; 0.002948; 35604; 35376; 680.307692307692;
 values_947; 183; 1978; 0.002948; 35604; 35376; 193.311475409836;
 values_486; 100; 1978; 0.002948; 35604; 35376; 353.76;
 values_295; 94; 1978; 0.002948; 35604; 35376; 376.340425531915;
 values_714; 82; 1978; 0.002948; 35604; 35376; 431.414634146341;
 values_264; 130; 3493; 0.005679; 62874; 68148; 524.215384615385;
 values_340; 183; 3493; 0.005679; 62874; 68148; 372.393442622951;
 values_588; 183; 3493; 0.005679; 62874; 68148; 372.393442622951;
 values_675; 183; 3493; 0.005679; 62874; 68148; 372.393442622951;
 values_805; 183; 3493; 0.005679; 62874; 68148; 372.393442622951;
 values_993; 183; 3493; 0.005679; 62874; 68148; 372.393442622951;
 values_365; 183; 1978; 0.002948; 35604; 35376; 193.311475409836;
 values_871; 183; 1978; 0.002948; 35604; 35376; 193.311475409836;
 values_825; 183; 1978; 0.002948; 35604; 35376; 193.311475409836;
;;;;;;; 
;;;;;;; 
The CCPI min; 111.213114754098; 
The CCPI max; 4259.25; 
The CCPI mean; 443.738646590541; 
The CCPI variance; 407610.237502733; 
The CCPI standard deviation; 638.443605577449; 
Version of mipsc program; ; 
