values_150,316932
values_888,106993
values_956,285702
values_691,249832
values_344,273320
values_283,69453
values_717,188497
values_74,283220
values_21,299810
values_724,177439
values_994,258291
values_920,270250
values_229,53631
values_985,240446
values_603,299921
values_764,192547
values_69,312151
values_327,303202
values_840,107005
values_891,98756
values_398,291142
values_527,282010
values_873,89213
values_564,294429
values_383,273436
values_420,104271
values_779,161566
values_73,283476
values_706,205900
values_213,67690
values_289,69425
values_293,65683
values_219,67610
values_927,270278
values_111,327662
values_934,247807
values_907,308518
values_415,111833
values_984,240449
values_34,276781
values_800,126364
values_240,69346
values_903,308702
values_747,160911
values_92,287601
values_910,296842
values_216,67422
values_131,279126
values_622,261889
values_777,161312
values_698,249672
values_71,283426
values_274,38963
values_400,124609
values_549,252227
values_958,286127
values_743,161210
values_292,65495
values_557,296724
values_68,312057
values_534,259149
values_58,315173
values_645,232337
values_271,39114
values_892,98720
values_544,251972
values_459,107577
values_714,188443
values_418,111784
values_511,307822
values_941,240819
values_116,327988
values_476,87593
values_858,109143
values_345,273469
values_158,317149
values_277,38974
values_898,98793
values_123,302039
values_680,232060
values_946,240660
values_761,192721
values_382,273816
values_848,107022
values_832,96865
values_646,232441
values_516,308075
values_354,318303
values_780,161323
values_552,297290
values_541,252251
values_140,271400
values_684,231993
values_668,274337
values_266,86054
values_192,289159
values_177,285658
values_384,273114
values_112,327718
values_928,270556
values_676,245378
values_596,270121
values_753,180562
values_126,301912
values_220,53509
values_792,158084
values_635,239156
values_434,95405
values_671,244733
values_708,206257
values_189,271548
values_827,105837
values_337,279870
values_248,69356
values_520,281671
values_153,317152
values_416,111482
values_469,132505
values_353,318091
values_91,287116
values_35,276486
values_831,97130
values_942,240292
values_407,124500
values_412,111643
values_225,53622
values_223,53689
values_981,240827
values_428,104414
values_555,297427
values_100,340003
values_674,245144
values_369,315883
values_612,287484
values_673,245374
values_619,287559
values_504,319883
values_386,272603
values_209,69896
values_980,240615
values_262,85960
values_454,107520
values_943,241125
values_957,285537
values_579,265376
values_597,269551
values_255,67512
values_610,287679
values_808,126549
values_694,249728
values_436,95641
values_460,132479
values_923,270363
values_306,341307
values_365,315603
values_750,180471
values_490,97113
values_982,240150
values_766,192474
values_845,107125
values_821,105751
values_930,247862
values_465,132489
values_512,307760
values_8,337673
values_768,192261
values_700,206162
values_570,265433
values_247,69368
values_81,269699
values_251,67447
values_156,316332
values_829,105926
values_844,106861
values_307,341250
values_884,106991
values_269,86163
values_483,105563
values_901,308440
values_264,85982
values_214,67283
values_730,160682
values_342,273013
values_604,299841
values_814,113086
values_782,160921
values_391,291672
values_624,261891
values_203,70069
values_652,277145
values_305,341388
values_231,57156
values_565,294541
values_392,290785
values_864,134009
values_348,273428
values_286,69381
values_788,161054
values_655,277424
values_952,285556
values_854,109145
values_134,278870
values_607,300228
values_87,270041
values_506,319306
values_190,289689
values_587,252579
values_517,307709
values_237,56869
values_816,113122
values_467,132427
values_906,308319
values_12,326147
values_976,253599
values_486,105409
values_183,272011
values_275,39211
values_524,282012
values_201,69832
values_754,180130
values_606,299919
values_999,258808
values_359,318458
values_457,107361
values_551,297005
values_86,269863
values_387,273007
values_697,250077
values_739,161048
values_303,341320
values_372,286340
values_405,124722
values_267,86016
values_584,251669
values_114,327830
values_188,271222
values_15,326244
values_518,307489
values_647,232262
values_228,53508
values_55,315339
values_6,337377
values_911,296375
values_515,307988
values_409,124866
values_868,133960
values_478,87593
values_13,325897
values_894,98665
values_25,299806
values_243,69460
values_496,97156
values_463,132671
values_577,265162
values_322,302762
values_246,69333
values_151,316810
values_718,188539
values_200,69985
values_567,293908
values_548,252268
values_425,104463
values_746,161083
values_435,95726
values_657,277202
values_797,158192
values_500,319638
values_789,160983
values_563,294305
values_914,296299
values_765,192721
values_648,231868
values_31,277080
values_80,269382
values_41,270386
values_585,252077
values_925,270525
values_856,109111
values_36,276778
values_44,269667
values_514,307402
values_822,105934
values_970,253478
values_402,124610
values_440,105550
values_16,325355
values_361,315796
values_521,281561
values_466,132567
values_30,276667
values_725,177905
values_643,232408
values_594,269429
values_468,132559
values_279,39034
values_494,97034
values_389,273243
values_696,250140
values_437,95292
values_103,339757
values_159,316990
values_593,270297
values_784,160804
values_378,286666
values_376,286568
values_3,338056
values_576,265208
values_962,282564
values_936,247558
values_721,177942
values_450,107582
values_776,161095
values_29,300375
values_861,133929
values_364,316246
values_84,269254
values_664,273969
values_636,239326
values_77,283226
values_294,65457
values_233,56991
values_447,105336
values_995,258572
values_775,161308
values_318,329779
values_843,107224
values_54,314917
values_455,107466
values_682,231983
values_458,107665
values_547,252308
values_367,315676
values_193,289321
values_582,251856
values_155,316990
values_608,300112
values_909,308776
values_653,277559
values_716,188798
values_142,271010
values_617,288006
values_595,269791
values_98,287281
values_830,97143
values_423,104292
values_812,113275
values_932,247533
values_341,273021
values_896,98409
values_988,240941
values_152,317362
values_658,277386
values_869,134219
values_485,105544
values_993,258617
values_883,107169
values_222,53475
values_335,279624
values_979,253250
values_314,328579
values_291,65428
values_817,113020
values_656,277342
values_22,299834
values_288,69485
values_867,134016
values_17,325512
values_442,105300
values_236,56842
values_85,269962
values_221,53459
values_46,270322
values_944,240774
values_572,264815
values_509,320060
values_336,279369
values_284,69267
values_83,269822
values_663,274631
values_449,105471
values_235,57016
values_711,188986
values_629,261729
values_614,287888
values_429,104249
values_61,311882
values_5,338741
values_632,238987
values_586,252107
values_28,299675
values_310,329320
values_184,271440
values_497,96978
values_969,282744
values_99,287664
values_621,261379
values_127,300866
values_301,340841
values_859,109296
values_623,261742
values_916,296794
values_599,270266
values_913,296810
values_263,86254
values_312,328725
values_97,287669
values_377,286915
values_433,95939
values_287,69244
values_186,271500
values_666,274261
values_406,124532
values_261,86082
values_654,276829
values_78,283535
values_580,252589
values_810,113468
values_23,299929
values_413,111798
values_75,283640
values_720,178133
values_804,126490
values_719,188358
values_862,134102
values_591,269822
values_815,113318
values_926,270437
values_756,180423
values_45,270069
values_82,269386
values_187,271605
values_385,273523
values_876,89115
values_569,294549
values_482,105390
values_422,104361
values_687,231902
values_210,67559
values_877,89173
values_602,300168
values_11,326298
values_65,312110
values_93,287790
values_197,289630
values_881,106861
values_519,307918
values_298,65593
values_144,271936
values_491,97032
values_681,231705
values_773,161300
values_918,296381
values_803,126258
values_807,126232
values_975,253914
values_256,67480
values_732,161082
values_122,301262
values_33,277009
values_665,274225
values_119,327778
values_588,252114
values_473,87558
values_105,339617
values_89,269798
values_20,300372
values_419,111625
values_731,160975
values_855,109292
values_161,313252
values_26,299832
values_581,252165
values_611,287619
values_598,269659
values_360,315323
values_609,300069
values_905,308442
values_590,269768
values_758,180460
values_759,180731
values_178,285163
values_374,286541
values_922,270132
values_340,273280
values_241,69406
values_276,38999
values_461,132453
values_395,290673
values_948,240585
values_670,245091
values_880,107083
values_166,314212
values_311,328836
values_535,258670
values_723,178482
values_217,67355
values_937,247602
values_672,245280
values_280,69368
values_737,160850
values_163,313799
values_553,297319
values_431,95427
values_974,253823
values_954,285771
values_351,318400
values_639,239290
values_578,265562
values_165,314093
values_37,276767
values_472,87340
values_968,283002
values_317,329484
values_545,251876
values_525,281752
values_18,326495
values_143,271838
values_368,315813
values_347,272751
values_592,269608
values_961,282892
values_685,232133
values_49,269525
values_851,109162
values_56,314609
values_846,107062
values_272,38922
values_793,158703
values_445,105446
values_839,97177
values_273,39274
values_904,308815
values_326,302905
values_411,111687
values_333,280653
values_767,192362
values_52,314871
values_649,232388
values_168,314658
values_290,65544
values_931,247481
values_102,339440
values_813,113433
values_615,287673
values_523,281557
values_631,239139
values_4,338386
values_356,317981
values_678,245046
values_762,192487
values_540,251661
values_828,106024
values_566,294369
values_802,126215
values_849,107140
values_249,69426
values_503,319892
values_319,329111
values_265,86153
values_805,126407
values_371,286951
values_850,109079
values_966,282681
values_997,258476
values_101,339429
values_94,287703
values_430,95542
values_510,308162
values_70,282955
values_733,161152
values_661,274405
values_543,252004
values_924,270593
values_736,160961
values_783,161376
values_218,67576
values_285,69512
values_107,339431
values_929,270574
values_823,105844
values_692,249834
values_375,286869
values_202,69833
values_328,303209
values_53,315281
values_110,327728
values_798,158333
values_179,285261
values_207,69864
values_537,258538
values_278,39178
values_308,341584
values_104,340065
values_370,285774
values_239,57142
values_230,56963
values_729,177915
values_96,287594
values_76,283496
values_316,329199
values_492,96909
values_67,311710
values_489,105303
values_990,258351
values_424,104104
values_238,57055
values_481,105302
values_702,206184
values_257,67374
values_571,264925
values_662,274106
values_453,107689
values_149,272089
values_835,97151
values_281,69375
values_130,278336
values_745,161140
values_27,299767
values_953,285942
values_772,161123
values_313,328654
values_561,294291
values_355,317969
values_915,296598
values_296,65500
values_487,105164
values_145,272690
values_709,206129
values_397,290693
values_809,126544
values_757,180279
values_196,289322
values_951,285753
values_513,308542
values_689,231707
values_154,316471
values_824,106035
values_860,134263
values_444,105111
values_79,283263
values_744,160809
values_181,271613
values_575,265384
values_358,318489
values_536,258440
values_1,337881
values_215,67555
values_533,258606
values_836,97051
values_38,276838
values_206,69861
values_917,296393
values_148,272075
values_641,232333
values_630,238995
values_874,89052
values_701,206478
values_882,106925
values_738,161051
values_825,106009
values_616,287542
values_501,319670
values_791,158112
values_819,113110
values_899,98964
values_300,341659
values_677,244907
values_987,240525
values_847,106954
values_959,286029
values_164,314698
values_232,56837
values_321,303170
values_396,291109
values_39,277550
values_837,97344
values_955,286390
values_349,273057
values_939,247944
values_60,312249
values_977,253954
values_366,315835
values_390,291349
values_628,261722
values_62,312368
values_749,161346
values_498,97201
values_991,258320
values_642,231856
values_174,285572
values_675,245379
values_857,108970
values_48,270083
values_324,302391
values_258,67521
values_886,106953
values_600,300026
values_693,250080
values_399,290963
values_443,105502
values_205,69992
values_940,240908
values_889,106971
values_704,206041
values_507,319537
values_770,161326
values_173,285273
values_529,281650
values_530,258544
values_760,192551
values_394,290543
values_162,313855
values_618,287975
values_117,327499
values_949,240649
values_121,301874
values_309,341151
values_282,69315
values_938,247683
values_833,97169
values_842,106970
values_870,89147
values_108,340130
values_601,299976
values_996,258826
values_875,89136
values_707,205906
values_352,318195
values_129,301515
values_659,277499
values_699,249930
values_727,177655
values_334,280769
values_379,286454
values_879,89006
values_781,161121
values_160,314389
values_538,259295
values_863,134357
values_254,67481
values_960,283376
values_852,109146
values_363,315911
values_637,238920
values_799,158247
values_452,107405
values_713,188935
values_887,106922
values_550,297130
values_973,254064
values_194,290092
values_234,56926
values_24,299707
values_136,278880
values_712,188691
values_778,161433
values_147,271714
values_695,249959
values_626,261478
values_605,300212
values_752,180509
values_771,161549
values_531,259109
values_295,65568
values_811,113225
values_410,111721
values_204,69799
values_14,326258
values_508,319817
values_388,273236
values_182,271603
values_357,318294
values_109,339576
values_19,325565
values_106,339785
values_965,282977
values_998,258413
values_650,277129
values_542,252268
values_88,269892
values_751,180449
values_0,337692
values_211,67422
values_726,177731
values_972,253892
values_329,303105
values_401,124668
values_302,340779
values_135,278783
values_323,302992
values_493,97226
values_651,277099
values_820,105988
values_224,53373
values_260,86253
values_180,271857
values_715,188678
values_43,270351
values_539,259285
values_439,95450
values_978,253728
values_679,245426
values_528,281906
values_304,341638
values_66,312182
values_688,231769
values_568,293934
values_157,316599
values_338,280826
values_722,177864
values_172,285301
values_350,318902
values_63,312950
values_710,189046
values_212,67379
values_138,278683
values_853,109250
values_964,282820
values_208,69911
values_787,161054
values_865,134362
values_633,239390
values_393,291781
values_330,280375
values_526,282068
values_558,297388
values_560,293905
values_502,319868
values_505,319929
values_742,161222
values_475,87552
values_735,160945
values_167,314135
values_297,65488
values_479,87645
values_113,327950
values_175,285340
values_644,232015
values_427,104178
values_332,279810
values_620,261544
values_40,269767
values_703,206402
values_464,132504
values_146,272117
values_983,240591
values_226,53476
values_834,96835
values_790,158365
values_244,69364
values_574,264694
values_705,206045
values_137,278781
values_171,285147
values_339,280383
values_989,240771
values_139,278642
values_470,87515
values_343,273618
values_785,160935
values_245,69500
values_227,53459
values_32,276638
values_933,247885
values_992,258842
values_908,308622
values_474,87552
values_72,283474
values_841,107128
values_740,161005
values_170,285006
values_912,296357
values_7,337551
values_660,274440
values_763,193122
values_488,105289
values_191,289425
values_986,240390
values_451,107442
values_589,252188
values_902,308409
values_176,285468
values_95,288012
values_331,279959
values_806,126201
values_404,124666
values_627,261466
values_438,95368
values_947,240733
values_559,297529
values_414,111536
values_690,250296
values_132,278299
values_945,241060
values_124,301834
values_897,98395
values_64,311443
values_638,239246
values_573,265307
values_42,269825
values_120,301099
values_250,67431
values_299,65500
values_128,302143
values_50,315339
values_786,161387
values_640,232298
values_471,87295
values_252,67442
values_9,338253
values_741,160969
values_686,231835
values_890,98615
values_667,274078
values_634,238717
values_403,124999
values_195,289148
values_199,289846
values_971,253296
values_919,296544
values_734,160660
values_921,270404
values_556,297116
values_448,105334
values_125,301732
values_546,251780
values_895,98747
values_268,86146
values_10,325993
values_769,193088
values_380,273491
values_554,296993
values_408,124723
values_522,281327
values_963,283103
values_90,287494
values_118,327877
values_59,315123
values_801,126127
values_325,302554
values_562,294155
values_871,88828
values_755,180979
values_826,105698
values_133,278717
values_381,273024
values_613,288128
values_484,105460
values_477,87401
values_426,104249
values_270,39297
values_315,329279
values_417,111694
values_795,158480
values_532,259051
values_480,105146
values_47,270055
values_462,132578
values_967,283212
values_198,289310
values_495,97198
values_432,95238
values_373,286562
values_774,161123
values_169,313916
values_683,232311
values_625,261821
values_818,113351
values_57,315194
values_885,107208
values_838,97280
values_872,89130
values_185,271777
values_796,158702
values_748,161024
values_421,104313
values_893,98934
values_242,69340
values_499,97137
values_51,314740
values_935,247542
values_362,315600
values_456,107449
values_794,158426
values_669,274570
values_441,105362
values_115,328142
values_583,252226
values_878,88978
values_866,134266
values_900,308510
values_446,105183
values_950,285707
values_259,67515
values_253,67567
values_728,177984
values_141,271612
values_320,302859
values_2,337920
values_346,273212
