values_150,95340
values_888,148578
values_956,95484
values_691,145459
values_344,46321
values_283,28586
values_717,74575
values_74,111876
values_21,111583
values_724,56674
values_994,77277
values_920,79921
values_229,33395
values_985,69616
values_603,165724
values_764,70951
values_69,123410
values_327,56544
values_840,186890
values_891,166661
values_398,60206
values_527,143339
values_873,173336
values_564,165930
values_383,49377
values_420,155920
values_779,60401
values_73,111768
values_706,46415
values_213,40022
values_289,28694
values_293,35849
values_219,40130
values_927,80029
values_111,108900
values_934,54753
values_907,72108
values_415,204341
values_984,69796
values_34,84015
values_800,186890
values_240,26446
values_903,72036
values_747,46379
values_92,109927
values_910,108792
values_216,40130
values_131,54717
values_622,140645
values_777,60365
values_698,145423
values_71,111840
values_274,36236
values_400,180927
values_549,168382
values_958,95412
values_743,46307
values_292,35777
values_557,194920
values_68,123338
values_534,114580
values_58,143788
values_645,165652
values_271,36200
values_892,166517
values_544,168382
values_459,207645
values_714,74611
values_418,204449
values_511,191796
values_941,72108
values_116,108936
values_476,167481
values_858,213536
values_345,46141
values_158,95412
values_277,36200
values_898,166625
values_123,79957
values_680,127304
values_946,72144
values_761,70915
values_382,49305
values_848,186962
values_832,133052
values_646,165832
values_516,191832
values_354,63185
values_780,49435
values_552,194776
values_541,168346
values_140,72000
values_684,127448
values_668,163308
values_266,47363
values_192,77097
values_177,77874
values_384,49485
values_112,108756
values_928,79993
values_676,152242
values_596,148045
values_753,63171
values_126,80065
values_220,33251
values_792,60192
values_635,111850
values_434,127269
values_671,152206
values_708,46343
values_189,69796
values_827,161991
values_337,35684
values_248,26518
values_520,143231
values_153,95376
values_416,204521
values_469,178619
values_353,63077
values_91,110071
values_35,83835
values_831,133196
values_942,71964
values_407,181035
values_412,204341
values_225,33215
values_223,33287
values_981,69760
values_428,155992
values_555,194776
values_100,72000
values_674,152242
values_369,70857
values_612,189102
values_673,152134
values_619,189282
values_504,168382
values_386,49485
values_209,26590
values_980,69652
values_262,47183
values_454,207645
values_943,72036
values_957,95448
values_579,154792
values_597,148009
values_255,34654
values_610,189138
values_808,186962
values_694,145495
values_436,127269
values_460,178475
values_923,79957
values_306,46321
values_365,70677
values_750,63135
values_490,160590
values_982,69616
values_766,70951
values_845,186854
values_821,161991
values_930,54609
values_465,178439
values_512,191652
values_8,117220
values_768,70879
values_700,46271
values_570,154648
values_247,26554
values_81,98796
values_251,34798
values_156,95484
values_829,162027
values_844,187034
values_307,46285
values_884,148650
values_269,47363
values_483,142579
values_901,72108
values_264,47363
values_214,40130
values_730,35670
values_342,46141
values_604,165832
values_814,210484
values_782,49399
values_391,60242
values_624,140825
values_203,26482
values_652,192226
values_305,46141
values_231,19511
values_565,165750
values_392,60098
values_864,184582
values_348,46249
values_286,28694
values_788,49507
values_655,192226
values_952,95304
values_854,213608
values_134,54753
values_607,165796
values_87,98796
values_506,168382
values_190,77133
values_587,129962
values_517,191796
values_237,19511
values_816,210484
values_467,178583
values_906,72144
values_12,150270
values_976,77910
values_486,142687
values_183,69688
values_275,36056
values_524,143375
values_201,26554
values_754,63279
values_606,165832
values_999,77277
values_359,63185
values_457,207609
values_551,194920
values_86,98832
values_387,49449
values_697,145459
values_739,35814
values_303,46213
values_372,60127
values_405,180891
values_267,47327
values_584,129998
values_114,108936
values_188,69724
values_15,150270
values_518,191760
values_647,165796
values_228,33323
values_55,143680
values_6,117292
values_911,108900
values_515,191652
values_409,181071
values_868,184510
values_478,167409
values_13,150342
values_894,166697
values_25,111439
values_243,26482
values_496,160734
values_463,178511
values_577,154756
values_322,56400
values_246,26590
values_151,95448
values_718,74539
values_200,26446
values_567,165894
values_548,168310
values_425,155884
values_746,46415
values_435,127089
values_657,192370
values_797,60336
values_500,168238
values_789,49579
values_563,165822
values_914,108936
values_765,70771
values_648,165760
values_31,83979
values_80,98688
values_41,117256
values_585,129818
values_925,79885
values_856,213608
values_36,84015
values_44,117292
values_514,191832
values_822,161847
values_970,77766
values_402,180891
values_440,180927
values_16,150450
values_361,70821
values_521,143339
values_466,178619
values_30,83871
values_725,56494
values_643,165724
values_594,148045
values_468,178547
values_279,36236
values_494,160734
values_389,49485
values_696,145495
values_437,127233
values_103,72036
values_159,95484
values_593,147937
values_784,49579
values_378,60235
values_376,60307
values_3,117184
values_576,154792
values_962,89470
values_936,54753
values_721,56638
values_450,207501
values_776,60401
values_29,111619
values_861,184546
values_364,70857
values_84,98832
values_664,163380
values_636,112030
values_77,111840
values_294,35957
values_233,19439
values_447,181035
values_995,77097
values_775,60221
values_318,74445
values_843,186926
values_54,143860
values_455,207465
values_682,127268
values_458,207573
values_547,168346
values_367,70821
values_193,77169
values_582,129818
values_155,95304
values_608,165760
values_909,72144
values_653,192298
values_716,74611
values_142,71964
values_617,189246
values_595,147865
values_98,110035
values_830,133088
values_423,155956
values_812,210304
values_932,54573
values_341,46285
values_896,166697
values_988,69724
values_152,95304
values_658,192334
values_869,184582
values_485,142507
values_993,77169
values_883,148542
values_222,33215
values_335,35540
values_979,77910
values_314,74517
values_291,35921
values_817,210448
values_656,192406
values_22,111439
values_288,28622
values_867,184546
values_17,150414
values_442,180891
values_236,19547
values_85,98652
values_221,33359
values_46,117292
values_944,72144
values_572,154612
values_509,168382
values_336,35720
values_284,28694
values_83,98724
values_663,163272
values_449,181071
values_235,19367
values_711,74575
values_629,140825
values_614,189282
values_429,156064
values_61,123374
values_5,117112
values_632,111850
values_586,129998
values_28,111547
values_310,74373
values_184,69796
values_497,160698
values_969,89650
values_99,110107
values_621,140789
values_127,80029
values_301,46285
values_859,213608
values_623,140717
values_916,108936
values_599,148045
values_913,108828
values_263,47255
values_312,74337
values_97,110071
values_377,60271
values_433,127161
values_287,28658
values_186,69796
values_666,163380
values_406,181071
values_261,47327
values_654,192406
values_78,111804
values_580,129854
values_810,210340
values_23,111511
values_413,204413
values_75,111696
values_720,56530
values_804,187034
values_719,74611
values_862,184402
values_591,148009
values_815,210304
values_926,80065
values_756,63279
values_45,117112
values_82,98652
values_187,69760
values_385,49305
values_876,173444
values_569,165930
values_482,142507
values_422,155884
values_687,127412
values_210,39986
values_877,173408
values_602,165652
values_11,150414
values_65,123230
values_93,109999
values_197,77241
values_881,148614
values_519,191832
values_298,35885
values_144,72144
values_491,160698
values_681,127412
values_773,60293
values_918,108864
values_803,186926
values_807,186998
values_975,77730
values_256,34834
values_732,35634
values_122,79885
values_33,83907
values_665,163200
values_119,108936
values_588,129926
values_473,167373
values_105,71964
values_89,98832
values_20,111475
values_419,204521
values_731,35778
values_855,213428
values_161,89614
values_26,111619
values_581,129962
values_611,189246
values_598,147973
values_360,70713
values_609,165832
values_905,71964
values_590,147901
values_758,63207
values_759,63279
values_178,77838
values_374,60307
values_922,79885
values_340,46177
values_241,26554
values_276,36236
values_461,178583
values_395,60098
values_948,72072
values_670,152098
values_880,148506
values_166,89650
values_311,74481
values_535,114400
values_723,56566
values_217,40094
values_937,54717
values_672,152062
values_280,28550
values_737,35778
values_163,89542
values_553,194848
values_431,127233
values_974,77910
values_954,95484
values_351,63149
values_639,112030
values_578,154720
values_165,89470
values_37,83979
values_472,167301
values_968,89578
values_317,74481
values_545,168202
values_525,143195
values_18,150378
values_143,72036
values_368,70785
values_347,46285
values_592,147865
values_961,89614
values_685,127268
values_49,117292
values_851,213572
values_56,143860
values_846,187034
values_272,36056
values_793,60264
values_445,180891
values_839,133232
values_273,36128
values_904,72144
values_326,56580
values_411,204485
values_333,35612
values_767,70915
values_52,143680
values_649,165832
values_168,89578
values_290,35813
values_931,54717
values_102,71964
values_813,210376
values_615,189102
values_523,143267
values_631,111994
values_4,117292
values_356,63185
values_678,152170
values_762,70771
values_540,168238
values_828,161955
values_566,165930
values_802,186854
values_849,187034
values_249,26590
values_503,168274
values_319,74517
values_265,47183
values_805,186854
values_371,60271
values_850,213464
values_966,89650
values_997,77241
values_101,72108
values_94,110107
values_430,127125
values_510,191688
values_70,111732
values_733,35706
values_661,163344
values_543,168274
values_924,80065
values_736,35814
values_783,49471
values_218,40058
values_285,28514
values_107,72108
values_929,80065
values_823,161919
values_692,145315
values_375,60127
values_202,26410
values_328,56508
values_53,143752
values_110,108792
values_798,60300
values_179,77910
values_207,26554
values_537,114544
values_278,36164
values_308,46249
values_104,72144
values_370,60163
values_239,19547
values_230,19403
values_729,56674
values_96,110107
values_76,111876
values_316,74517
values_492,160554
values_67,123374
values_489,142687
values_990,77133
values_424,156064
values_238,19475
values_481,142651
values_702,46235
values_257,34798
values_571,154756
values_662,163200
values_453,207537
values_149,72144
values_835,133052
values_281,28658
values_130,54609
values_745,46235
values_27,111583
values_953,95376
values_772,60221
values_313,74409
values_561,165894
values_355,63005
values_915,108756
values_296,35957
values_487,142651
values_145,71964
values_709,46415
values_397,60242
values_809,187034
values_757,63243
values_196,77277
values_951,95448
values_513,191724
values_689,127448
values_154,95484
values_824,162027
values_860,184438
values_444,181071
values_79,111876
values_744,46415
values_181,69760
values_575,154612
values_358,63113
values_536,114580
values_1,117256
values_215,39950
values_533,114472
values_836,133232
values_38,83943
values_206,26590
values_917,108900
values_148,72072
values_641,165796
values_630,111886
values_874,173444
values_701,46379
values_882,148470
values_738,35742
values_825,161847
values_616,189282
values_501,168346
values_791,60336
values_819,210484
values_899,166697
values_300,46177
values_677,152206
values_987,69760
values_847,186998
values_959,95484
values_164,89650
values_232,19367
values_321,56544
values_396,60278
values_39,84015
values_837,133196
values_955,95304
values_349,46321
values_939,54753
values_60,123266
values_977,77874
values_366,70857
values_390,60134
values_628,140753
values_62,123230
values_749,46415
values_498,160662
values_991,77241
values_642,165652
values_174,77910
values_675,152062
values_857,213572
values_48,117220
values_324,56580
values_258,34762
values_886,148650
values_600,165688
values_693,145387
values_399,60278
values_443,180963
values_205,26410
values_940,72000
values_889,148650
values_704,46415
values_507,168346
values_770,60257
values_173,77802
values_529,143375
values_530,114436
values_760,70807
values_394,60278
values_162,89470
values_618,189210
values_117,108900
values_949,72144
values_121,80029
values_309,46321
values_282,28514
values_938,54681
values_833,133124
values_842,186854
values_870,173300
values_108,72072
values_601,165796
values_996,77277
values_875,173264
values_707,46379
values_352,63005
values_129,80065
values_659,192406
values_699,145495
values_727,56638
values_334,35720
values_379,60307
values_879,173444
values_781,49543
values_160,89506
values_538,114508
values_863,184474
values_254,34834
values_960,89506
values_852,213428
values_363,70749
values_637,111994
values_799,60372
values_452,207465
values_713,74503
values_887,148614
values_550,194812
values_973,77802
values_194,77277
values_234,19547
values_24,111619
values_136,54753
values_712,74431
values_778,60329
values_147,72108
values_695,145315
values_626,140825
values_605,165652
values_752,63099
values_771,60365
values_531,114544
values_295,35777
values_811,210448
values_410,204377
values_204,26590
values_14,150450
values_508,168310
values_388,49413
values_182,69616
values_357,63149
values_109,72144
values_19,150450
values_106,72144
values_965,89470
values_998,77205
values_650,192262
values_542,168202
values_88,98760
values_751,63243
values_0,117148
values_211,40094
values_726,56674
values_972,77730
values_329,56580
values_401,181035
values_302,46141
values_135,54573
values_323,56472
values_493,160626
values_651,192370
values_820,161883
values_224,33395
values_260,47219
values_180,69652
values_715,74431
values_43,117184
values_539,114580
values_439,127269
values_978,77838
values_679,152242
values_528,143303
values_304,46321
values_66,123410
values_688,127376
values_568,165858
values_157,95448
values_338,35648
values_722,56494
values_172,77730
values_350,63041
values_63,123302
values_710,74467
values_212,39950
values_138,54681
values_853,213500
values_964,89650
values_208,26518
values_787,49543
values_865,184402
values_633,111922
values_393,60170
values_330,35576
values_526,143375
values_558,194884
values_560,165786
values_502,168202
values_505,168202
values_742,46235
values_475,167301
values_735,35634
values_167,89614
values_297,35921
values_479,167481
values_113,108828
values_175,77730
values_644,165832
values_427,156028
values_332,35540
values_620,140681
values_40,117148
values_703,46307
values_464,178619
values_146,72144
values_983,69688
values_226,33395
values_834,133232
values_790,60228
values_244,26590
values_574,154792
values_705,46235
values_137,54717
values_171,77874
values_339,35720
values_989,69796
values_139,54753
values_470,167337
values_343,46213
values_785,49399
values_245,26410
values_227,33359
values_32,83835
values_933,54645
values_992,77097
values_908,72072
values_474,167481
values_72,111696
values_841,186998
values_740,46271
values_170,77766
values_912,108756
values_7,117256
values_660,163236
values_763,70843
values_488,142615
values_191,77241
values_986,69796
values_451,207609
values_589,129998
values_902,71964
values_176,77910
values_95,109927
values_331,35684
values_806,187034
values_404,181071
values_627,140789
values_438,127197
values_947,72108
values_559,194956
values_414,204521
values_690,145351
values_132,54573
values_945,71964
values_124,80065
values_897,166661
values_64,123410
values_638,111958
values_573,154684
values_42,117112
values_120,79921
values_250,34690
values_299,35957
values_128,79993
values_50,143716
values_786,49579
values_640,165688
values_471,167445
values_252,34654
values_9,117292
values_741,46379
values_686,127448
values_890,166553
values_667,163344
values_634,112030
values_403,180963
values_195,77097
values_199,77277
values_971,77874
values_919,108936
values_734,35814
values_921,80029
values_556,194956
values_448,180999
values_125,79885
values_546,168382
values_895,166517
values_268,47291
values_10,150306
values_769,70951
values_380,49341
values_554,194956
values_408,180999
values_522,143195
values_963,89542
values_90,109963
values_118,108864
values_59,143860
values_801,186998
values_325,56400
values_562,165750
values_871,173408
values_755,63099
values_826,162027
values_133,54645
values_381,49449
values_613,189174
values_484,142687
values_477,167445
values_426,156064
values_270,36092
values_315,74337
values_417,204485
values_795,60192
values_532,114400
values_480,142543
values_47,117256
values_462,178439
values_967,89614
values_198,77205
values_495,160554
values_432,127089
values_373,60199
values_774,60401
values_169,89650
values_683,127340
values_625,140645
values_818,210412
values_57,143824
values_885,148470
values_838,133160
values_872,173264
values_185,69616
values_796,60372
values_748,46343
values_421,156028
values_893,166589
values_242,26410
values_499,160734
values_51,143824
values_935,54573
values_362,70677
values_456,207645
values_794,60372
values_669,163380
values_441,181035
values_115,108756
values_583,129890
values_878,173372
values_866,184582
values_900,72000
values_446,181071
values_950,95340
values_259,34834
values_253,34726
values_728,56602
values_141,72108
values_320,56436
values_2,117112
values_346,46321
