values_150,21862231
values_888,13356679
values_956,30573373
values_691,7059751
values_344,24243159
values_283,31844115
values_717,27685323
values_74,17185548
values_21,9625710
values_724,9467112
values_994,17633930
values_920,22165721
values_229,23705688
values_985,21164204
values_603,24484972
values_764,17887491
values_69,20713864
values_327,15445865
values_840,23056611
values_891,30273799
values_398,22646410
values_527,14114425
values_873,22873538
values_564,18300629
values_383,27432741
values_420,24229453
values_779,26705344
values_73,17838541
values_706,25564809
values_213,23530447
values_289,29456334
values_293,22070758
values_219,31742299
values_927,25141881
values_111,10837712
values_934,31080495
values_907,24793357
values_415,20505337
values_984,31975301
values_34,14921121
values_800,31455452
values_240,25692079
values_903,24263718
values_747,24137427
values_92,8468532
values_910,24422316
values_216,22820672
values_131,1966014
values_622,25989695
values_777,27126314
values_698,15742502
values_71,11357561
values_274,18570833
values_400,25111532
values_549,22168658
values_958,19064249
values_743,24473224
values_292,19540043
values_557,9768644
values_68,21024207
values_534,3966111
values_58,12354183
values_645,8068121
values_271,26080742
values_892,15590757
values_544,11207774
values_459,19742696
values_714,22562216
values_418,20327159
values_511,16285847
values_941,31730551
values_116,30905254
values_476,28929632
values_858,14130089
values_345,11091273
values_158,31898939
values_277,25349429
values_898,13429125
values_123,16593253
values_680,30202332
values_946,19006488
values_761,16637308
values_382,13052210
values_848,26163957
values_832,30242471
values_646,23975892
values_516,16101795
values_354,24087498
values_780,10026121
values_552,31430977
values_541,26981422
values_140,22385017
values_684,25220201
values_668,24052254
values_266,22570048
values_192,26751357
values_177,24718953
values_384,16698985
values_112,22334109
values_928,16673531
values_676,31205807
values_596,25829139
values_753,31544541
values_126,30402048
values_220,15428243
values_792,14087013
values_635,27750916
values_434,20209679
values_671,22504455
values_708,27568822
values_189,23080107
values_827,20408416
values_337,19004530
values_248,24671961
values_520,21950341
values_153,31510276
values_416,29949750
values_469,16552135
values_353,30497990
values_91,15355797
values_35,8719156
values_831,24141343
values_942,23375765
values_407,8396086
values_412,6006347
values_225,28199298
values_223,17874764
values_981,15989210
values_428,22269495
values_555,26997086
values_100,8525314
values_674,30083873
values_369,13742405
values_612,20303663
values_673,16600106
values_619,28664323
values_504,19155296
values_386,30023175
values_209,27787139
values_980,28716210
values_262,15497752
values_454,28552717
values_943,31186227
values_957,17276595
values_579,28968792
values_597,24875593
values_255,21686011
values_610,15185451
values_808,5947607
values_694,26233466
values_436,31626777
values_460,4998956
values_923,16621644
values_306,21531329
values_365,30353098
values_750,21358046
values_490,14494277
values_982,17526240
values_766,19305083
values_845,20763793
values_821,31472095
values_930,15579988
values_465,30081915
values_512,30576310
values_8,27694134
values_768,24602452
values_700,29013826
values_570,24671961
values_247,12526487
values_81,7236950
values_251,26517376
values_156,22209776
values_829,12210270
values_844,31962574
values_307,30807354
values_884,17282469
values_269,24236306
values_483,15530059
values_901,7042129
values_264,23463875
values_214,30181773
values_730,28319715
values_342,21961110
values_604,21878874
values_814,25894732
values_782,24936291
values_391,19542001
values_624,5356291
values_203,5062591
values_652,18928168
values_305,18201750
values_231,24206936
values_565,8210076
values_392,20551350
values_864,28236500
values_348,25993611
values_286,21581258
values_788,31403565
values_655,7931061
values_952,30303169
values_854,25444392
values_134,20694284
values_607,23103603
values_87,5201609
values_506,27747000
values_190,25312227
values_587,28932569
values_517,28368665
values_237,21276789
values_816,31339930
values_467,20957635
values_906,21153435
values_12,29297736
values_976,28081818
values_486,31513213
values_183,26326471
values_275,24400778
values_524,23899530
values_201,28506704
values_754,18759780
values_606,19163128
values_999,14606862
values_359,26050393
values_457,18883134
values_551,31258673
values_86,14186871
values_387,15931449
values_697,21836777
values_739,8889502
values_303,30431418
values_372,15723901
values_405,28007414
values_267,24142322
values_584,23715478
values_114,26571221
values_188,8874817
values_15,17210023
values_518,28283492
values_647,24817832
values_228,19073060
values_55,12363973
values_6,30312959
values_911,12171110
values_515,28111188
values_409,4387081
values_868,29345707
values_478,19347180
values_13,23640095
values_894,30939519
values_25,12947457
values_243,26442972
values_496,16913386
values_463,10379540
values_577,19283545
values_322,25211390
values_246,26310807
values_151,17608476
values_718,14178060
values_200,31018818
values_567,17051425
values_548,5663697
values_425,4727773
values_746,20204784
values_435,4280370
values_657,25998506
values_797,4188344
values_500,23721352
values_789,8475385
values_563,6327459
values_914,10557718
values_765,30710433
values_648,29469061
values_31,28551738
values_80,18415172
values_41,26031792
values_585,26928556
values_925,31558247
values_856,16146829
values_36,10428490
values_44,14996504
values_514,15738586
values_822,12994449
values_970,18899777
values_402,27043099
values_440,14301414
values_16,12033071
values_361,16371999
values_521,31205807
values_466,6019074
values_30,14788956
values_725,15243212
values_643,31383006
values_594,13012071
values_468,30708475
values_279,30419670
values_494,27561969
values_389,12452083
values_696,16640245
values_437,29890031
values_103,7514007
values_159,13152068
values_593,31791249
values_784,31525940
values_378,30356035
values_376,20688410
values_3,26233466
values_576,11737413
values_962,4264706
values_936,24816853
values_721,21604754
values_450,15120837
values_776,16681363
values_29,17126808
values_861,23562754
values_364,18900756
values_84,16842898
values_664,2304748
values_636,8516503
values_77,17270721
values_294,13698350
values_233,23181923
values_447,30748614
values_995,30036881
values_775,9534663
values_318,21274831
values_843,6721017
values_54,29606121
values_455,25676415
values_682,27160579
values_458,26547725
values_547,16627518
values_367,18395592
values_193,24760071
values_582,15923617
values_155,22222503
values_608,19087745
values_909,21913139
values_653,29833249
values_716,13446747
values_142,28343211
values_617,8891460
values_595,10524432
values_98,20387857
values_830,23436463
values_423,24354765
values_812,26022002
values_932,16048929
values_341,27701966
values_896,29798984
values_988,14289666
values_152,5420905
values_658,21733003
values_869,20424080
values_485,13361574
values_993,14891751
values_883,31160773
values_222,20327159
values_335,18431815
values_979,4874623
values_314,17399949
values_291,21790764
values_817,19031942
values_656,13143257
values_22,21325739
values_288,12628303
values_867,20558203
values_17,18404403
values_442,21407975
values_236,21168120
values_85,27877207
values_221,19892483
values_46,9836195
values_944,26373463
values_572,17134640
values_509,31839220
values_336,30571415
values_284,22283201
values_83,23481497
values_663,19442143
values_449,23547090
values_235,20638481
values_711,31141193
values_629,29767656
values_614,20970362
values_429,5692088
values_61,22765848
values_5,15148249
values_632,2116780
values_586,24463434
values_28,14891751
values_310,27536515
values_184,21319865
values_497,19630111
values_969,28939422
values_99,29612974
values_621,20562119
values_127,25115448
values_301,19173897
values_859,15563345
values_623,29097041
values_916,5959355
values_599,27937905
values_913,7390653
values_263,26351925
values_312,16635350
values_97,29592415
values_377,6672067
values_433,26089553
values_287,17629035
values_186,6486057
values_666,31202870
values_406,4446800
values_261,19525358
values_654,9624731
values_78,2738445
values_580,24361618
values_810,13384091
values_23,29741223
values_413,27218340
values_75,18686355
values_720,4948048
values_804,21522518
values_719,31496570
values_862,29730454
values_591,24423295
values_815,21045745
values_926,31559226
values_756,28632016
values_45,28447964
values_82,29753950
values_187,20706032
values_385,3228924
values_876,16497311
values_569,29440670
values_482,21376647
values_422,27846858
values_687,15038601
values_210,30068209
values_877,19367739
values_602,15554534
values_11,30045692
values_65,24442875
values_93,8930620
values_197,23741911
values_881,13530941
values_519,30353098
values_298,16561925
values_144,28284471
values_491,14149669
values_681,25078246
values_773,11426091
values_918,17828751
values_803,19697662
values_807,24255886
values_975,29544444
values_256,10898410
values_732,29735349
values_122,4096318
values_33,21035955
values_665,21157351
values_119,24287214
values_588,14219178
values_473,26351925
values_105,21145603
values_89,11294905
values_20,4806093
values_419,11064840
values_731,17438130
values_855,29219416
values_161,28157201
values_26,16408222
values_581,27306450
values_611,19244385
values_598,31739362
values_360,25231949
values_609,16394516
values_905,26848278
values_590,18958517
values_758,19194456
values_759,30873926
values_178,27190928
values_374,22926404
values_922,26178642
values_340,1623364
values_241,17590854
values_276,20135275
values_461,28458733
values_395,29413258
values_948,31252799
values_670,23581355
values_880,28931590
values_166,10383456
values_311,15686699
values_535,13283254
values_723,26502691
values_217,26349967
values_937,31383985
values_672,30823997
values_280,25309290
values_737,11728602
values_163,29598289
values_553,21169099
values_431,30520507
values_974,18825373
values_954,26891354
values_351,30641903
values_639,24913774
values_578,31445662
values_165,21432450
values_37,29206689
values_472,28828795
values_968,31919498
values_317,26668142
values_545,4559385
values_525,30065272
values_18,31159794
values_143,29984994
values_368,14265191
values_347,20087304
values_592,22861790
values_961,5969145
values_685,21093716
values_49,21441261
values_851,10533243
values_56,4409598
values_846,19051522
values_272,20794142
values_793,24539796
values_445,7583516
values_839,31796144
values_273,31181332
values_904,18472933
values_326,25256424
values_411,4090444
values_333,22161805
values_767,28635932
values_52,29641365
values_649,27247710
values_168,28176781
values_290,16815486
values_931,6981431
values_102,8892439
values_813,14503088
values_615,31758942
values_523,26107175
values_631,7766589
values_4,23202482
values_356,31144130
values_678,30517570
values_762,22785428
values_540,30136739
values_828,27752874
values_566,15861940
values_802,29902758
values_849,7820434
values_249,20067724
values_503,17943294
values_319,14551059
values_265,1864198
values_805,24988178
values_371,24994052
values_850,28812152
values_966,5441464
values_997,23646948
values_101,16812549
values_94,27045057
values_430,6868846
values_510,29219416
values_70,16575631
values_733,31901876
values_661,29404447
values_543,29730454
values_924,28191466
values_736,11310569
values_783,25776273
values_218,31977259
values_285,28127831
values_107,27609940
values_929,4719941
values_823,30963015
values_692,17635888
values_375,27317219
values_202,31251820
values_328,26942262
values_53,16654930
values_110,25105658
values_798,26622129
values_179,14825179
values_207,19895420
values_537,8728946
values_278,28507683
values_308,30328623
values_104,13548563
values_370,19401025
values_239,5666634
values_230,21886706
values_729,24747344
values_96,25597116
values_76,26332345
values_316,30654630
values_492,12959205
values_67,24672940
values_489,31898939
values_990,12290548
values_424,28710336
values_238,14255401
values_481,19431374
values_702,31243009
values_257,3257315
values_571,23341500
values_662,22370332
values_453,17716166
values_149,17583022
values_835,28739706
values_281,22734520
values_130,9405435
values_745,28352022
values_27,12431524
values_953,19084808
values_772,8743631
values_313,12708581
values_561,10268913
values_355,24708184
values_915,25845782
values_296,13087454
values_487,12278800
values_145,18985929
values_709,5572650
values_397,15256918
values_809,22730604
values_757,11893074
values_196,13157942
values_951,27502250
values_513,31834325
values_689,20998753
values_154,9567949
values_824,23437442
values_860,21686011
values_444,31332098
values_79,10180803
values_744,22835357
values_181,20742255
values_575,13101160
values_358,7156672
values_536,23761491
values_1,25382715
values_215,26200180
values_533,31120634
values_836,16648077
values_38,29824438
values_206,9810741
values_917,4913783
values_148,11888179
values_641,24382177
values_630,10382477
values_874,23197587
values_701,13535836
values_882,19061312
values_738,29092146
values_825,26871774
values_616,29622764
values_501,25935850
values_791,20388836
values_819,27372043
values_899,15041538
values_300,26395001
values_677,27088133
values_987,19678082
values_847,18840058
values_959,24161902
values_164,15245170
values_232,12837809
values_321,28567402
values_396,8190496
values_39,24153091
values_837,24358681
values_955,24456581
values_349,14847696
values_939,18994740
values_60,26535977
values_977,12313065
values_366,28575234
values_390,25780189
values_628,24573082
values_62,23874076
values_749,16282910
values_498,22125582
values_991,27657911
values_642,19908147
values_174,21486295
values_675,30483305
values_857,23888761
values_48,27173306
values_324,26511502
values_258,26467447
values_886,24858950
values_600,21709507
values_693,28352022
values_399,28343211
values_443,22695360
values_205,15625022
values_940,20626733
values_889,27147852
values_704,8271753
values_507,29600247
values_770,23701772
values_173,17120934
values_529,24308752
values_530,24499657
values_760,31292938
values_394,29550318
values_162,24925522
values_618,12474600
values_117,14576513
values_949,18767612
values_121,26096406
values_309,11998806
values_282,17701481
values_938,538632
values_833,19946328
values_842,19189561
values_870,8341262
values_108,28547822
values_601,27530641
values_996,20124506
values_875,21267978
values_707,30313938
values_352,18164548
values_129,17717145
values_659,30396174
values_699,18127346
values_727,30453935
values_334,19013341
values_379,13486886
values_879,7754841
values_781,17682880
values_160,28840543
values_538,30070167
values_863,20598342
values_254,23204440
values_960,26700449
values_852,13248989
values_363,15188388
values_637,23843727
values_799,15008252
values_452,24931396
values_713,14297498
values_887,8388254
values_550,15830612
values_973,12484390
values_194,21732024
values_234,10790720
values_24,28240416
values_136,2520128
values_712,31901876
values_778,28482229
values_147,29629617
values_695,28881661
values_626,29896884
values_605,20882252
values_752,20021711
values_771,16560946
values_531,22296907
values_295,21761394
values_811,17233519
values_410,9762770
values_204,18568875
values_14,19464660
values_508,27819446
values_388,17056320
values_182,19721158
values_357,15538870
values_109,4141352
values_19,15558450
values_106,31221471
values_965,29003057
values_998,29863598
values_650,7865468
values_542,26640730
values_88,20438765
values_751,25017548
values_0,31855863
values_211,11260640
values_726,21853420
values_972,22502497
values_329,14964197
values_401,19499904
values_302,10022205
values_135,18078396
values_323,16994643
values_493,7094016
values_651,31287064
values_820,29935065
values_224,32050684
values_260,27871333
values_180,18251679
values_715,26296122
values_43,17244288
values_539,17764137
values_439,19023131
values_978,10011436
values_679,21745730
values_528,26897228
values_304,28298177
values_66,30540087
values_688,30069188
values_568,31903834
values_157,30161214
values_338,29345707
values_722,11166656
values_172,22723751
values_350,11104979
values_63,25618654
values_710,13317519
values_212,12969974
values_138,21343361
values_853,29877304
values_964,21622376
values_208,3162352
values_787,18109724
values_865,26744504
values_633,23456043
values_393,21273852
values_330,16309343
values_526,12142719
values_558,19121031
values_560,27488544
values_502,9981087
values_505,24413505
values_742,26008296
values_475,16211443
values_735,11776573
values_167,4682739
values_297,11816712
values_479,20146044
values_113,25422854
values_175,19261028
values_644,19294314
values_427,29540528
values_332,29901779
values_620,31748173
values_40,24346933
values_703,13127593
values_464,26857089
values_146,7322123
values_983,7779316
values_226,20223385
values_834,20469114
values_790,19630111
values_244,10552823
values_574,21390353
values_705,8742652
values_137,13901982
values_171,30850430
values_339,20198910
values_989,12340477
values_139,14181976
values_470,27195823
values_343,27223235
values_785,27286870
values_245,31204828
values_227,21071199
values_32,26398917
values_933,9085302
values_992,12675295
values_908,27652037
values_474,30416733
values_72,12111391
values_841,4980355
values_740,20569951
values_170,24808042
values_912,13380175
values_7,32020335
values_660,17113102
values_763,23176049
values_488,23576460
values_191,14823221
values_986,23693940
values_451,28203214
values_589,23075212
values_902,12860326
values_176,16782200
values_95,16786116
values_331,32033062
values_806,29149907
values_404,22326277
values_627,17731830
values_438,15093425
values_947,22028661
values_559,15159018
values_414,17120934
values_690,28306988
values_132,14985735
values_945,5960334
values_124,31668874
values_897,20784352
values_64,28936485
values_638,32060474
values_573,30857283
values_42,21073157
values_120,29282072
values_250,8889502
values_299,26801286
values_128,27057784
values_50,9034394
values_786,29580667
values_640,7439603
values_471,21869084
values_252,20434849
values_9,28445027
values_741,18354474
values_686,22187259
values_890,26027876
values_667,21438324
values_634,31187206
values_403,15726838
values_195,25389568
values_199,23910299
values_971,8182664
values_919,23928900
values_734,1916085
values_921,30259114
values_556,30443166
values_448,27734273
values_125,23668486
values_546,24464413
values_895,13273464
values_268,28454817
values_10,25358240
values_769,29013826
values_380,16803738
values_554,18927189
values_408,18214477
values_522,27947695
values_963,12361036
values_90,30807354
values_118,23298424
values_59,21555804
values_801,23106540
values_325,24220642
values_562,29504305
values_871,2785437
values_755,12301317
values_826,21372731
values_133,29595352
values_381,27677491
values_613,20661977
values_484,11543571
values_477,18257553
values_426,15529080
values_270,23535342
values_315,10836733
values_417,25500195
values_795,26847299
values_532,31843136
values_480,23230873
values_47,23417862
values_462,31061894
values_967,26161999
values_198,29658008
values_495,19100472
values_432,20801974
values_373,30289463
values_774,24867761
values_169,30961057
values_683,30497011
values_625,22665990
values_818,13230388
values_57,28568381
values_885,17038698
values_838,21693843
values_872,19425500
values_185,20875399
values_796,17179674
values_748,30851409
values_421,27875249
values_893,29858703
values_242,16620665
values_499,4562322
values_51,19513610
values_935,29139138
values_362,23084023
values_456,16751851
values_794,20149960
values_669,20626733
values_441,12334603
values_115,26544788
values_583,27885039
values_878,27870354
values_866,12362015
values_900,24926501
values_446,29703042
values_950,7838056
values_259,11057008
values_253,14927974
values_728,29769614
values_141,25665646
values_320,28771034
values_2,15548660
values_346,29295778
